hour,gas (mmbtu/hr)
1,2.76
2,2.91
3,2.74
4,2.73
5,2.65
6,2.59
7,2.71
8,3.4
9,2.95
10,2.78
11,2.88
12,2.33
13,2.7
14,2.22
15,2.63
16,2.54
17,2.57
18,2.51
19,2.91
20,2.71
21,2.66
22,3.41
23,2.72
24,2.54
25,2.58
26,2.54
27,3.34
28,2.74
29,2.66
30,2.79
31,2.36
32,6.41
33,6.36
34,7.05
35,4.83
36,4.19
37,4.62
38,5.61
39,4.33
40,5.1
41,6.45
42,5.09
43,3.26
44,5.02
45,4.16
46,4.49
47,4.9
48,4.55
49,4.31
50,4.33
51,4.52
52,4.32
53,4.28
54,4.28
55,4.3
56,3.87
57,4.51
58,4.74
59,4.55
60,4.24
61,4.38
62,4.18
63,4.52
64,4.27
65,4.43
66,4.3
67,4.41
68,4.49
69,4.39
70,4.27
71,4.45
72,4.58
73,4.52
74,4.72
75,4.38
76,4.49
77,4.11
78,4.44
79,4.57
80,4.34
81,4.48
82,4.42
83,4.55
84,4.61
85,4.34
86,4.51
87,4.64
88,4.95
89,5.77
90,5.93
91,5
92,4.62
93,5.08
94,4.77
95,5.41
96,4.52
97,4.31
98,4.44
99,4.72
100,4.63
101,4.53
102,4.4
103,4.59
104,4.62
105,4.73
106,4.55
107,4.52
108,4.34
109,4.51
110,4.61
111,4.63
112,4.52
113,4.34
114,4.5
115,4.37
116,4.09
117,4.2
118,4.38
119,4.49
120,4.55
121,4.38
122,4.47
123,4.23
124,3.67
125,4.08
126,4.87
127,5.18
128,5.08
129,5.21
130,4.77
131,4.04
132,3.77
133,5.05
134,5.23
135,5.73
136,4.45
137,4.38
138,4.57
139,4.41
140,3.96
141,4.59
142,4.52
143,4.21
144,5.2
145,5.3
146,5.22
147,4.39
148,4.02
149,3.93
150,4.02
151,3.91
152,3.99
153,5.07
154,4.89
155,4.25
156,3.96
157,3.97
158,4.09
159,4.37
160,4.27
161,4.16
162,4.13
163,4.05
164,4.12
165,4.13
166,4.48
167,4.34
168,4.37
169,4.51
170,4.55
171,5.06
172,5.02
173,4.2
174,4.14
175,4.24
176,4.91
177,4.42
178,4.07
179,4.47
180,4.47
181,4.56
182,4.19
183,3.99
184,4.48
185,4.36
186,4.27
187,4.13
188,4.7
189,5.78
190,4.25
191,5.66
192,5.52
193,5.5
194,5.08
195,4.04
196,4.02
197,4.03
198,4.55
199,4.91
200,4.2
201,4.53
202,4.52
203,4.13
204,3.45
205,3.25
206,3.51
207,1.77
208,2.13
209,2.46
210,3.55
211,3.03
212,3.49
213,4.05
214,2.8
215,4.49
216,5.52
217,5.23
218,3.72
219,3.9
220,4.66
221,5.24
222,5.05
223,3.92
224,4.13
225,4.68
226,4.16
227,4.16
228,4.87
229,4.07
230,4.05
231,4.19
232,4.93
233,4.82
234,4.36
235,4.25
236,4.44
237,4.63
238,4.37
239,4.14
240,4.15
241,4.09
242,4.27
243,4.06
244,4.32
245,4.3
246,4.25
247,4.16
248,3.88
249,4.28
250,4.09
251,4.2
252,4.13
253,4.14
254,4.16
255,4.3
256,4.13
257,4.24
258,4.27
259,4.22
260,4.26
261,4.22
262,4.12
263,4.14
264,4.09
265,4.29
266,3.88
267,3.59
268,5.05
269,5.05
270,4.15
271,4.89
272,5.09
273,5.78
274,5.48
275,4.76
276,4.2
277,4.38
278,4.49
279,4.7
280,5.05
281,5.04
282,5.02
283,5.07
284,3.91
285,3.86
286,3.62
287,4.46
288,4.25
289,4.73
290,4.73
291,4.2
292,3.18
293,4.34
294,4.43
295,4.23
296,4.21
297,4.28
298,5.14
299,4.45
300,4.25
301,4.29
302,4.29
303,4.33
304,4.29
305,4.37
306,4.45
307,4.36
308,4.45
309,4.45
310,4.2
311,4.31
312,4.13
313,4.3
314,4.61
315,4.54
316,4.4
317,4.48
318,4.75
319,4.73
320,4.48
321,4.45
322,4.48
323,4.3
324,4.56
325,4.7
326,4.3
327,4.18
328,3.7
329,3.23
330,2.96
331,3.19
332,3.3
333,3.41
334,3.44
335,3.6
336,5.28
337,6.58
338,5.66
339,4.46
340,4.33
341,4.9
342,5.01
343,5.08
344,4.54
345,4.13
346,4.16
347,4
348,4.39
349,4.32
350,4.25
351,4.19
352,4.04
353,4.08
354,4.34
355,5.07
356,4.62
357,4.59
358,4.42
359,4.34
360,4.54
361,4.95
362,4.75
363,5.64
364,5.16
365,4.84
366,4.8
367,4.61
368,4.98
369,4.43
370,4.13
371,4.23
372,4.63
373,4.15
374,3.44
375,3.42
376,5.4
377,6.1
378,6.25
379,4.84
380,4.91
381,4.8
382,5.15
383,5.01
384,5.01
385,5.09
386,4.99
387,4.96
388,5.02
389,5.09
390,5.2
391,5.13
392,5.27
393,4.2
394,3.83
395,3.38
396,2.93
397,2.98
398,3.09
399,3.8
400,3.88
401,4.17
402,5.27
403,4.81
404,4.71
405,4.03
406,3.38
407,3.57
408,3.48
409,4.13
410,4.91
411,5.14
412,4.55
413,4.73
414,4.66
415,4.72
416,5.41
417,4.63
418,4.38
419,4.43
420,4.28
421,4.48
422,4.66
423,4.6
424,4.36
425,4.37
426,4.41
427,4.4
428,4.61
429,4.41
430,4.48
431,4.47
432,4.7
433,5
434,4.94
435,4.95
436,5.22
437,5.17
438,4.72
439,5.24
440,5.08
441,5.04
442,4.84
443,4.89
444,4.89
445,5.22
446,5.33
447,5.45
448,5.04
449,4.41
450,4.62
451,4.98
452,6.48
453,5.64
454,6.19
455,6.06
456,7.7
457,7.05
458,6.55
459,5.64
460,4.34
461,5.52
462,5.16
463,4.98
464,5.16
465,4.97
466,4.99
467,4.95
468,5.1
469,4.7
470,4.69
471,4.64
472,4.7
473,4.65
474,4.73
475,4.4
476,4.76
477,4.66
478,5.37
479,5.88
480,4.88
481,4.97
482,4.88
483,5.09
484,6.09
485,5.14
486,4.88
487,4.92
488,4.93
489,5.02
490,4.7
491,4.67
492,4.26
493,4.38
494,4.33
495,4.52
496,3.95
497,4.12
498,4.46
499,4.38
500,4.48
501,4.8
502,4.66
503,4.77
504,4.48
505,4.71
506,5.99
507,5.4
508,5.19
509,4.77
510,4.88
511,4.65
512,4.51
513,4.84
514,4.67
515,4.77
516,5.16
517,5.6
518,4.63
519,4.56
520,4.45
521,5.2
522,5.09
523,4.58
524,4.7
525,4.72
526,4.69
527,5.8
528,4.84
529,5.16
530,4.6
531,3.59
532,5.74
533,3.64
534,2.92
535,2.25
536,3.96
537,3.91
538,4.37
539,3.22
540,3.59
541,4.23
542,5.17
543,6.28
544,4.18
545,3.55
546,4.23
547,4.99
548,4.55
549,4.23
550,4.16
551,4.2
552,4.13
553,4.3
554,4.11
555,4.15
556,4.19
557,4.3
558,4.45
559,4.5
560,4.55
561,4.32
562,4.57
563,4.73
564,5.45
565,4.73
566,4.77
567,4.15
568,4.3
569,4.05
570,4.45
571,4.44
572,4.48
573,4.32
574,4.02
575,4.29
576,4.23
577,4.59
578,4.08
579,4.19
580,4.21
581,4.55
582,4.43
583,4.41
584,4.55
585,4.2
586,4.18
587,4.36
588,4.34
589,4.27
590,4.21
591,4.33
592,4.42
593,4.38
594,4.16
595,4.74
596,4.45
597,4.38
598,4.38
599,5.12
600,4.8
601,4.05
602,4.25
603,4.62
604,3.84
605,5.3
606,4.69
607,4.42
608,4.26
609,4.3
610,4.75
611,4.44
612,4.3
613,4.5
614,4.63
615,4.52
616,4.31
617,4.24
618,4.33
619,4.37
620,4.14
621,4.27
622,4.29
623,4.34
624,4.53
625,4.3
626,3.97
627,3.88
628,3.47
629,4.35
630,4.26
631,3.38
632,3.17
633,4.09
634,2.72
635,3.22
636,3.98
637,3.55
638,5.13
639,5.66
640,5.62
641,4.91
642,4.54
643,4.75
644,4.34
645,4.24
646,4.29
647,4.34
648,5.05
649,4.7
650,4.64
651,4.77
652,4.29
653,4.41
654,4.37
655,4.73
656,4.27
657,4.25
658,4.34
659,4.26
660,4.4
661,4.3
662,4.55
663,4.31
664,4.12
665,4.51
666,4.52
667,4.29
668,4.05
669,4.28
670,4.55
671,4.27
672,4.28
673,4.42
674,4.44
675,4.5
676,4.63
677,4.13
678,4.55
679,4.55
680,4.27
681,4.2
682,4.77
683,4.26
684,4.38
685,4.4
686,4.55
687,4.39
688,4.47
689,4.34
690,4.48
691,4.35
692,4.06
693,4.75
694,4.4
695,4.42
696,4.59
697,4.4
698,4.93
699,4.97
700,4.45
701,4.55
702,5.56
703,4.84
704,4.78
705,4.37
706,4.53
707,4.63
708,4.44
709,4.34
710,4.29
711,4.21
712,4.42
713,3.88
714,4.04
715,2.97
716,2.84
717,2.72
718,2.82
719,3.77
720,3.18
721,3.84
722,4.7
723,4.28
724,3.63
725,5.05
726,5.11
727,3.56
728,3.48
729,5.04
730,4.34
731,4.83
732,5.7
733,4.22
734,4.85
735,4.75
736,4.35
737,4.51
738,5.27
739,5.02
740,4.81
741,4.29
742,4.13
743,4.25
744,4.48
745,4.29
746,4.27
747,4.45
748,4.47
749,4.17
750,4.5
751,4.41
752,4.11
753,4.56
754,4.18
755,4.14
756,4.47
757,4.47
758,4.4
759,4.47
760,4.09
761,4.41
762,4.39
763,4.2
764,4.95
765,4.45
766,4.2
767,4.41
768,4.46
769,4.51
770,4.41
771,4.2
772,4.23
773,4.46
774,4.48
775,4.34
776,4.49
777,4.45
778,4.56
779,4.36
780,4.36
781,4.3
782,4.4
783,4.67
784,4.51
785,4.66
786,4.53
787,4.28
788,4.2
789,4.35
790,4.39
791,4.43
792,4.38
793,4.3
794,4.59
795,4.23
796,3.9
797,3.65
798,4.23
799,4.85
800,4.79
801,5.1
802,5.09
803,3.8
804,3.66
805,3.55
806,3.89
807,3.77
808,4.11
809,4.81
810,5.09
811,3.76
812,4.16
813,4.19
814,4.14
815,4.11
816,4.23
817,3.97
818,3.89
819,2.98
820,4.2
821,3.33
822,3.83
823,2.88
824,2.34
825,2.9
826,3.73
827,2.63
828,1.89
829,2.07
830,3.44
831,4.93
832,4.88
833,4.5
834,3.21
835,3.38
836,4.6
837,4.66
838,4.44
839,4.48
840,4.31
841,4.27
842,4.36
843,4.29
844,4.35
845,4.63
846,4.26
847,4.47
848,4.54
849,4.84
850,4.49
851,4.52
852,4.38
853,4.15
854,4.16
855,4.33
856,4.19
857,4.2
858,4.35
859,4.46
860,4.56
861,5.13
862,5.06
863,4.51
864,4.42
865,4.34
866,4.26
867,5.76
868,5.45
869,4.45
870,4.34
871,4.57
872,5.28
873,4.67
874,4.42
875,4.37
876,4.29
877,4.67
878,4.34
879,4.35
880,4.33
881,4.29
882,4.38
883,4.26
884,4.66
885,4.3
886,4.16
887,4.38
888,4.13
889,3.75
890,4.78
891,5.12
892,5.7
893,5.03
894,4.28
895,4.22
896,4.41
897,5.37
898,4.67
899,6.18
900,5.28
901,5.18
902,3.86
903,3.2
904,3.11
905,3.01
906,3.23
907,3.22
908,3.12
909,3.23
910,4.44
911,6.16
912,6.3
913,5.95
914,5.23
915,5.11
916,4.68
917,5.21
918,4.91
919,4.83
920,4.66
921,4.88
922,4.4
923,4.52
924,4.23
925,4.33
926,4.67
927,4.42
928,4.55
929,4.26
930,4.83
931,4.38
932,4.37
933,4.14
934,4.21
935,4.44
936,4.04
937,3.84
938,4.64
939,4.62
940,4.94
941,5.68
942,5.02
943,3.89
944,4.2
945,4.16
946,4.8
947,4.83
948,4.52
949,4.45
950,4.63
951,4.34
952,4.58
953,4.61
954,4.43
955,4.3
956,4.28
957,4.26
958,4.33
959,4.19
960,4.36
961,4.41
962,4.14
963,4.25
964,4.11
965,3.91
966,4.17
967,4.51
968,4.4
969,4.13
970,4.49
971,4.71
972,4.63
973,4.32
974,4.33
975,4.29
976,4.37
977,4.36
978,4.52
979,4.2
980,4.52
981,4.24
982,4.47
983,4.27
984,3.52
985,4.04
986,4.65
987,3.66
988,4.21
989,4.25
990,4.91
991,4.62
992,5.38
993,4.45
994,4.42
995,4.46
996,4.13
997,4.49
998,4.61
999,4.62
1000,4.98
1001,4.42
1002,4.28
1003,4.62
1004,4.8
1005,4.38
1006,4.32
1007,4.27
1008,4.36
1009,4.48
1010,4.45
1011,4.57
1012,4.67
1013,4.52
1014,4.4
1015,4.52
1016,4.34
1017,4.76
1018,4.6
1019,4.47
1020,4.91
1021,4.74
1022,4.77
1023,5.52
1024,5.18
1025,5.07
1026,3.9
1027,3.62
1028,3.24
1029,2.78
1030,2.63
1031,3.13
1032,3.48
1033,3.14
1034,4.87
1035,7.26
1036,6.3
1037,6.3
1038,5
1039,4.91
1040,5.34
1041,5.39
1042,5.44
1043,4.77
1044,5.57
1045,5.81
1046,5.2
1047,5.16
1048,5.34
1049,6.79
1050,5.63
1051,5.22
1052,5.87
1053,5.47
1054,6.18
1055,5.23
1056,4.93
1057,5.11
1058,5.3
1059,5.21
1060,5.13
1061,4.9
1062,4.97
1063,5.19
1064,5.38
1065,5.51
1066,5.29
1067,4.94
1068,4.73
1069,4.86
1070,4.55
1071,4.59
1072,4.42
1073,4.82
1074,4.88
1075,4.73
1076,4.71
1077,4.8
1078,4.8
1079,4.91
1080,4.9
1081,4.85
1082,4.89
1083,4.59
1084,4.72
1085,4.63
1086,4.88
1087,4.76
1088,5.3
1089,4.39
1090,5.15
1091,5.68
1092,6.01
1093,4.9
1094,6.15
1095,4.88
1096,3.37
1097,3.25
1098,3.16
1099,4.69
1100,4.57
1101,3.96
1102,2.96
1103,2.87
1104,2.95
1105,3.13
1106,2.92
1107,2.76
1108,2.73
1109,2.72
1110,2.9
1111,2.88
1112,3.42
1113,5.45
1114,5.31
1115,5.38
1116,4.52
1117,4.26
1118,4.6
1119,5.52
1120,4.75
1121,4.77
1122,4.66
1123,5.96
1124,4.65
1125,4.42
1126,4.45
1127,4.64
1128,4.66
1129,4.79
1130,3.72
1131,3.66
1132,3.98
1133,4.16
1134,4.67
1135,5.41
1136,5.27
1137,3.91
1138,3.57
1139,4.17
1140,3.95
1141,4.51
1142,4.47
1143,4.3
1144,4.27
1145,4.77
1146,4.35
1147,4.06
1148,4.2
1149,4.13
1150,4.22
1151,4.59
1152,4.47
1153,4.27
1154,4.28
1155,4.03
1156,4.18
1157,4.1
1158,4.23
1159,4.22
1160,4.41
1161,4.27
1162,4.63
1163,4.35
1164,4.33
1165,4.3
1166,4.34
1167,5.8
1168,4.44
1169,4.25
1170,4.58
1171,4.17
1172,4.17
1173,4.48
1174,4.44
1175,4.45
1176,4.46
1177,4.26
1178,4.35
1179,4.21
1180,4.47
1181,4.58
1182,4.21
1183,4.26
1184,4.48
1185,4.49
1186,4.85
1187,4.45
1188,4.29
1189,4.57
1190,3.88
1191,4.09
1192,3.78
1193,5.16
1194,5.52
1195,4.5
1196,4.02
1197,4.56
1198,4.41
1199,4.41
1200,4.8
1201,5.78
1202,6.14
1203,5.64
1204,4.46
1205,4.44
1206,4.94
1207,4.85
1208,4.77
1209,4.55
1210,4.58
1211,4.52
1212,4.39
1213,4.46
1214,4.55
1215,4.7
1216,4.78
1217,4.69
1218,4.59
1219,4.53
1220,4.5
1221,4.37
1222,4.44
1223,4.61
1224,4.54
1225,4.71
1226,5.06
1227,4.82
1228,4.8
1229,4.53
1230,4.91
1231,4.78
1232,4.73
1233,4.88
1234,4.57
1235,4.61
1236,4.65
1237,4.41
1238,3.41
1239,3.72
1240,4.85
1241,5.02
1242,6.69
1243,5.84
1244,5.21
1245,4.45
1246,5.41
1247,4.17
1248,4.84
1249,5.52
1250,4.41
1251,4.64
1252,4.54
1253,4.2
1254,4.52
1255,3.27
1256,2.89
1257,2.75
1258,2.79
1259,3.02
1260,3.26
1261,2.95
1262,3.14
1263,3.15
1264,3.1
1265,3.2
1266,3.34
1267,3.84
1268,3.86
1269,3.78
1270,4.38
1271,4.7
1272,4.86
1273,4.07
1274,3.95
1275,3.09
1276,3.84
1277,2.95
1278,2.63
1279,2.71
1280,3.48
1281,4.59
1282,4.21
1283,3.95
1284,4.53
1285,4.87
1286,6.33
1287,4.87
1288,3.96
1289,4.37
1290,3.95
1291,4.16
1292,4.02
1293,4.01
1294,4.19
1295,4.16
1296,4.22
1297,4.94
1298,4.36
1299,4.66
1300,4.99
1301,4.35
1302,4.51
1303,4.83
1304,4.01
1305,4.11
1306,4.2
1307,3.99
1308,4.24
1309,3.7
1310,5.09
1311,4.63
1312,5.31
1313,4.51
1314,4.44
1315,4.41
1316,3.89
1317,4.45
1318,3.83
1319,3.91
1320,4.11
1321,4.41
1322,4.35
1323,3.97
1324,3.77
1325,4.5
1326,4.05
1327,4.84
1328,4.78
1329,4.32
1330,4.36
1331,4.32
1332,4.54
1333,4.29
1334,4.13
1335,4.16
1336,4.48
1337,4.49
1338,4.8
1339,4.98
1340,4.73
1341,5.16
1342,5.23
1343,4.73
1344,4.68
1345,4.54
1346,4.5
1347,4.78
1348,4.81
1349,4.59
1350,4.41
1351,4.27
1352,4.81
1353,4.67
1354,4.43
1355,4.61
1356,4.45
1357,4.32
1358,4.51
1359,4.69
1360,4.47
1361,4.54
1362,4.44
1363,4.67
1364,4.59
1365,4.72
1366,5.23
1367,4.67
1368,4.33
1369,4.58
1370,4.7
1371,5.62
1372,5.33
1373,4.85
1374,4.57
1375,4.83
1376,6.59
1377,4.72
1378,4.55
1379,4.59
1380,4.4
1381,4.72
1382,4.62
1383,4.35
1384,4.17
1385,3.56
1386,4.03
1387,4.74
1388,5.26
1389,5.02
1390,4.73
1391,4.1
1392,3.82
1393,4.2
1394,4.15
1395,4.63
1396,5.46
1397,5
1398,4.94
1399,4.28
1400,3.7
1401,3.6
1402,3.53
1403,3.59
1404,3.77
1405,3.85
1406,3.48
1407,3
1408,3.08
1409,4.51
1410,4.14
1411,4.91
1412,5.2
1413,6.38
1414,5.52
1415,4.8
1416,3.82
1417,5.59
1418,5.54
1419,4.8
1420,4.41
1421,4.72
1422,5.28
1423,5.05
1424,5
1425,5.23
1426,5.11
1427,4.67
1428,4.91
1429,4.55
1430,4.33
1431,4.75
1432,4.8
1433,4.36
1434,4.09
1435,4.28
1436,4.98
1437,4.71
1438,4.73
1439,4.16
1440,4.75
1441,4.72
1442,4.14
1443,3.9
1444,3.7
1445,3.99
1446,5.48
1447,4.28
1448,3.36
1449,3.64
1450,3.31
1451,3.2
1452,3.33
1453,3.34
1454,3.38
1455,3.17
1456,4.8
1457,5.13
1458,5.01
1459,4.65
1460,3.67
1461,4.06
1462,5.42
1463,5.84
1464,4.8
1465,5.09
1466,4.07
1467,4.31
1468,5.59
1469,5.48
1470,5.89
1471,5.22
1472,4.39
1473,5.12
1474,4.34
1475,4.16
1476,4.05
1477,4.15
1478,4.31
1479,4.15
1480,4.04
1481,4.33
1482,4.52
1483,4.27
1484,4.45
1485,4.13
1486,4.1
1487,4.13
1488,4.22
1489,4.38
1490,4.24
1491,4.03
1492,4.29
1493,4.38
1494,4.49
1495,4.59
1496,4.38
1497,4.38
1498,4.06
1499,4.02
1500,4.27
1501,4.16
1502,4.09
1503,4.21
1504,4.11
1505,4.22
1506,4.59
1507,4.82
1508,3.73
1509,3.94
1510,4.09
1511,4.02
1512,4.43
1513,4.41
1514,3.48
1515,3.71
1516,4.17
1517,4.48
1518,5.91
1519,5.26
1520,4.32
1521,3.96
1522,3.99
1523,4.27
1524,4.1
1525,4.42
1526,4.03
1527,4.1
1528,4.1
1529,4.05
1530,3.97
1531,4.2
1532,5.58
1533,6.12
1534,5.92
1535,5.51
1536,5.2
1537,5.13
1538,5.38
1539,4.45
1540,5.13
1541,4.44
1542,4.43
1543,4.59
1544,5.28
1545,4.45
1546,4.18
1547,4.3
1548,4.66
1549,4.55
1550,4.41
1551,4.48
1552,4.27
1553,4.13
1554,4.16
1555,4.23
1556,4.2
1557,4.23
1558,4.13
1559,4.31
1560,4.45
1561,4.46
1562,4.42
1563,4.32
1564,4.3
1565,4.22
1566,4.45
1567,4.23
1568,4.48
1569,5.13
1570,4.75
1571,4.29
1572,4.52
1573,4.47
1574,4.39
1575,4.31
1576,4.18
1577,4.32
1578,4.23
1579,4.15
1580,4.31
1581,4.25
1582,4.43
1583,4.28
1584,4.68
1585,4.48
1586,4.27
1587,4.59
1588,4.34
1589,4.27
1590,4.07
1591,4.16
1592,4.16
1593,4.29
1594,4.39
1595,4.08
1596,4.27
1597,4.24
1598,3.62
1599,3.8
1600,4.69
1601,4.61
1602,5.9
1603,4.41
1604,3.93
1605,2.34
1606,2.18
1607,1.95
1608,4
1609,2.98
1610,3.23
1611,4.26
1612,3.48
1613,4.2
1614,4.08
1615,3.51
1616,3.52
1617,2.5
1618,2.7
1619,2.88
1620,2.38
1621,1.63
1622,1.59
1623,2.45
1624,3.27
1625,5.1
1626,5.63
1627,5.96
1628,4.78
1629,4.76
1630,3.79
1631,3.59
1632,3.61
1633,3.64
1634,3.96
1635,4.45
1636,4.38
1637,4.36
1638,4.36
1639,4.76
1640,4.55
1641,4.55
1642,4.32
1643,4.32
1644,4.33
1645,4.47
1646,4.2
1647,4.29
1648,4.48
1649,4.34
1650,4.05
1651,4.2
1652,4.24
1653,4.25
1654,4.45
1655,4.26
1656,4.34
1657,4.34
1658,4.02
1659,4.04
1660,4.31
1661,4.38
1662,4.16
1663,4.19
1664,4.29
1665,4.31
1666,4
1667,4.3
1668,4.26
1669,4.32
1670,4.18
1671,4.37
1672,4.37
1673,4.34
1674,4.69
1675,4.65
1676,4.7
1677,4.27
1678,4.43
1679,4.68
1680,4.68
1681,4.27
1682,4.5
1683,4.42
1684,4.66
1685,4.37
1686,4.36
1687,4.34
1688,4.43
1689,4.73
1690,4.36
1691,4.48
1692,4.36
1693,4.52
1694,4.25
1695,5.16
1696,4.73
1697,4.58
1698,4.52
1699,4.48
1700,4.38
1701,4.02
1702,3.87
1703,3.19
1704,4.16
1705,4.34
1706,4.51
1707,4.79
1708,4.31
1709,4.4
1710,4.28
1711,5.11
1712,4.5
1713,4.2
1714,3.55
1715,3.69
1716,3.66
1717,4.41
1718,3.41
1719,3.25
1720,2.32
1721,3.2
1722,3.75
1723,3.73
1724,3.55
1725,3.78
1726,4.34
1727,5.72
1728,5.52
1729,4.15
1730,4.06
1731,3.73
1732,4.62
1733,4.83
1734,4.32
1735,4.25
1736,4.11
1737,4.38
1738,4.14
1739,4.14
1740,4.39
1741,4.55
1742,4.28
1743,4.3
1744,4.33
1745,4.14
1746,4.23
1747,4.17
1748,4.05
1749,4.16
1750,4.17
1751,4.33
1752,4.19
1753,4.08
1754,4.34
1755,4.37
1756,4.73
1757,4.47
1758,4.89
1759,4.84
1760,4.94
1761,5.55
1762,5.57
1763,4.74
1764,4.37
1765,4.34
1766,5.63
1767,4.83
1768,4.4
1769,4.19
1770,4.37
1771,4.48
1772,4.45
1773,4.04
1774,4.57
1775,3.55
1776,3.91
1777,4.3
1778,4.57
1779,4.35
1780,4.17
1781,4.84
1782,5.56
1783,5.64
1784,3.94
1785,3.83
1786,4.38
1787,4.55
1788,5.13
1789,5.08
1790,3.96
1791,4.28
1792,3.91
1793,3.59
1794,3.98
1795,4.09
1796,4.15
1797,4.22
1798,4.1
1799,4.13
1800,4.17
1801,4.66
1802,4.63
1803,5.3
1804,4.2
1805,4.04
1806,4.23
1807,4.04
1808,4.52
1809,4.13
1810,4.14
1811,4.11
1812,3.97
1813,3.9
1814,4.02
1815,4.27
1816,4.04
1817,3.27
1818,3.7
1819,3.62
1820,3.16
1821,2.99
1822,2.52
1823,2.73
1824,2.63
1825,2.79
1826,3.4
1827,5.35
1828,5.77
1829,4.61
1830,3.97
1831,4.19
1832,3.92
1833,3.98
1834,4.3
1835,4.54
1836,4.27
1837,4.38
1838,4.28
1839,4.2
1840,4.4
1841,4.29
1842,4.39
1843,4.48
1844,4.37
1845,5.25
1846,4.55
1847,4.22
1848,4.4
1849,4.3
1850,4.76
1851,4.34
1852,4.48
1853,4.5
1854,4.55
1855,4.53
1856,4.48
1857,4.36
1858,4.32
1859,4.38
1860,4.55
1861,4.48
1862,4.24
1863,4.3
1864,4.28
1865,4.46
1866,4.46
1867,4.6
1868,3.97
1869,4.58
1870,4.72
1871,4.47
1872,4.3
1873,4.41
1874,5.02
1875,4.14
1876,4.08
1877,4.52
1878,4.93
1879,4.75
1880,4.31
1881,4.71
1882,4.11
1883,4.23
1884,4.27
1885,4.38
1886,4.21
1887,4.29
1888,4.52
1889,4.38
1890,4.34
1891,4.27
1892,4.04
1893,4.13
1894,4.16
1895,3.95
1896,4.03
1897,3.98
1898,4.14
1899,4.16
1900,4.3
1901,4.07
1902,4.17
1903,4.1
1904,4.06
1905,4.12
1906,4.13
1907,4.27
1908,4.29
1909,4.07
1910,4.24
1911,4.27
1912,4.36
1913,4.24
1914,4.06
1915,4.19
1916,4.08
1917,4.26
1918,4.51
1919,3.72
1920,3.18
1921,3.78
1922,4.27
1923,4.58
1924,5.13
1925,4.8
1926,3.9
1927,3.86
1928,2.99
1929,2.88
1930,2.99
1931,3.59
1932,3.31
1933,3.06
1934,2.5
1935,2.46
1936,2.48
1937,3.38
1938,2.82
1939,2.7
1940,3.34
1941,4
1942,2.05
1943,2.14
1944,2.01
1945,1.38
1946,1.55
1947,2.09
1948,2.38
1949,2.66
1950,2.15
1951,1.77
1952,1.71
1953,2.05
1954,4.05
1955,3.63
1956,3.42
1957,2.6
1958,2.51
1959,3.07
1960,3.19
1961,1.98
1962,1.86
1963,3.08
1964,4.37
1965,4.47
1966,4.61
1967,3.49
1968,4.15
1969,4.21
1970,5.73
1971,5.5
1972,4.38
1973,4.1
1974,3.99
1975,3.9
1976,4.64
1977,4.91
1978,4.92
1979,5.02
1980,5.52
1981,4.47
1982,4.4
1983,4.12
1984,3.83
1985,4.7
1986,4.94
1987,4.69
1988,4.13
1989,4.23
1990,4.14
1991,5.13
1992,4.48
1993,4.21
1994,4.44
1995,4.31
1996,4.25
1997,4.2
1998,4.7
1999,4.45
2000,4.27
2001,4.27
2002,4.34
2003,4.19
2004,4.14
2005,4.13
2006,4.05
2007,4.29
2008,4.29
2009,4.2
2010,4.38
2011,4.45
2012,4.04
2013,4.19
2014,4.13
2015,4.37
2016,4.45
2017,4.52
2018,4.73
2019,4.83
2020,4.97
2021,4.35
2022,4.51
2023,4.19
2024,4.63
2025,4.4
2026,4.28
2027,4.16
2028,4.45
2029,4.55
2030,4.46
2031,4.49
2032,4.42
2033,4.03
2034,4.39
2035,4.29
2036,4.13
2037,4.85
2038,4.34
2039,4.49
2040,4.12
2041,4.26
2042,4.96
2043,4.8
2044,4.17
2045,3.79
2046,4.53
2047,4.45
2048,5.2
2049,4.86
2050,4.48
2051,3.95
2052,4.27
2053,4.03
2054,4.16
2055,3.93
2056,4.09
2057,3.98
2058,3.96
2059,4.25
2060,3.72
2061,3.72
2062,4.23
2063,3.17
2064,2.73
2065,2.95
2066,4.2
2067,3.89
2068,4
2069,4.55
2070,4.57
2071,5.45
2072,4.46
2073,4.05
2074,3.93
2075,4.23
2076,4.09
2077,4.38
2078,4.22
2079,4.27
2080,4.22
2081,4.09
2082,4.41
2083,4.3
2084,4.16
2085,4.09
2086,4.15
2087,4.28
2088,4.38
2089,4.09
2090,4.09
2091,4.23
2092,4.02
2093,4.27
2094,4.32
2095,4.66
2096,4.54
2097,4.09
2098,5.15
2099,4.47
2100,4.2
2101,3.93
2102,3.26
2103,4.55
2104,3.27
2105,4.95
2106,4.73
2107,4.9
2108,3.66
2109,3.75
2110,3.9
2111,4.03
2112,4.2
2113,4.24
2114,4.44
2115,4.47
2116,4.43
2117,4.32
2118,4.51
2119,4.27
2120,4.04
2121,4.23
2122,4.09
2123,3.96
2124,4.05
2125,4.34
2126,4.27
2127,4.26
2128,3.9
2129,4.2
2130,3.22
2131,3.05
2132,3.84
2133,2.96
2134,3.4
2135,3.1
2136,3.23
2137,3.02
2138,3.6
2139,6.22
2140,5.46
2141,5.42
2142,3.95
2143,4.04
2144,4.55
2145,5.02
2146,5.54
2147,5.46
2148,4.45
2149,4.22
2150,4.44
2151,4.59
2152,4.25
2153,4.31
2154,4.33
2155,4.32
2156,4.21
2157,4.71
2158,4.11
2159,4.13
2160,4.27
2161,4.1
2162,4.24
2163,4.43
2164,3.99
2165,3.98
2166,3.27
2167,3.29
2168,4.17
2169,6.02
2170,5.64
2171,4.39
2172,4.14
2173,4.24
2174,4.59
2175,4.2
2176,4.15
2177,4.1
2178,4.65
2179,3.96
2180,4.34
2181,4.31
2182,4.15
2183,4.16
2184,4.31
2185,3.84
2186,4.63
2187,4.82
2188,3.78
2189,3.72
2190,4.11
2191,4.52
2192,4.84
2193,4.51
2194,4.42
2195,4.66
2196,5.3
2197,4.63
2198,5.21
2199,5.47
2200,4.61
2201,3.95
2202,4.34
2203,4.25
2204,4.15
2205,4.16
2206,3.93
2207,4.33
2208,4.16
2209,4.16
2210,4.31
2211,4.39
2212,4.24
2213,4.28
2214,4.38
2215,4.38
2216,4.73
2217,4.47
2218,4.43
2219,4.35
2220,4.3
2221,4.13
2222,4.08
2223,4.1
2224,4.18
2225,4.47
2226,4.21
2227,4.04
2228,4.14
2229,4.61
2230,3.98
2231,4.05
2232,4.23
2233,5.06
2234,4.72
2235,4.07
2236,4.24
2237,4.13
2238,4.41
2239,4.55
2240,3.49
2241,4.67
2242,4.7
2243,4.94
2244,5.05
2245,3.16
2246,2.66
2247,2.74
2248,2.84
2249,2.95
2250,2.84
2251,2.52
2252,2.72
2253,2.8
2254,2.89
2255,2.59
2256,2.7
2257,2.82
2258,3.09
2259,3.94
2260,5.83
2261,5.58
2262,4.39
2263,4.11
2264,4.2
2265,4.29
2266,4.04
2267,3.6
2268,4.16
2269,4.11
2270,4.72
2271,4.51
2272,4.14
2273,4
2274,4.52
2275,4.49
2276,4.02
2277,2.63
2278,2.21
2279,2.59
2280,2.84
2281,2.37
2282,3.25
2283,4.35
2284,5.43
2285,5.83
2286,6.2
2287,4.23
2288,4.18
2289,4.34
2290,4.14
2291,4.32
2292,4.01
2293,4.09
2294,4.02
2295,4.17
2296,4.44
2297,4.37
2298,4.16
2299,4.31
2300,4.46
2301,4.12
2302,4.13
2303,3.98
2304,4.14
2305,4.21
2306,4.09
2307,4.09
2308,4.04
2309,4.63
2310,4.93
2311,4.51
2312,4.7
2313,4.23
2314,4.98
2315,4.52
2316,4.37
2317,3.95
2318,3.95
2319,4.22
2320,4.23
2321,4.34
2322,4.13
2323,4.24
2324,3.96
2325,3.88
2326,4.23
2327,4.17
2328,4.06
2329,4.12
2330,4.24
2331,4.03
2332,3.81
2333,3.5
2334,4.36
2335,4.36
2336,4.82
2337,4.29
2338,5.09
2339,4.38
2340,3.9
2341,4
2342,4.09
2343,3.93
2344,4.03
2345,4.35
2346,4.3
2347,4.39
2348,4.35
2349,4.2
2350,4.45
2351,4.05
2352,4.27
2353,4.2
2354,4.02
2355,4.3
2356,4.27
2357,4.19
2358,4.12
2359,4.13
2360,4.07
2361,4.34
2362,4.17
2363,4.2
2364,4.3
2365,4.27
2366,4.04
2367,4.42
2368,4.18
2369,4.17
2370,4.13
2371,4.21
2372,3.99
2373,4.04
2374,4.2
2375,4.48
2376,4.44
2377,4.08
2378,3.62
2379,4.75
2380,5.65
2381,5.83
2382,5.42
2383,5.53
2384,5.16
2385,4.23
2386,4.37
2387,3.9
2388,4.17
2389,4.18
2390,4.16
2391,4.08
2392,4.09
2393,4.14
2394,4.3
2395,4.22
2396,4.31
2397,4.48
2398,4.16
2399,4
2400,4.18
2401,4.5
2402,4.38
2403,4.22
2404,4.3
2405,4.28
2406,4.22
2407,4.28
2408,4.98
2409,4.79
2410,4.86
2411,4.27
2412,4.26
2413,5.48
2414,5.09
2415,4.35
2416,4.25
2417,4.35
2418,4.09
2419,4.2
2420,4.39
2421,4.23
2422,4.1
2423,4.36
2424,4.28
2425,4.34
2426,4.46
2427,4.34
2428,4.58
2429,4.44
2430,4.3
2431,4.55
2432,4.27
2433,4.48
2434,4.52
2435,4.28
2436,4.29
2437,4.49
2438,4.35
2439,4.36
2440,4.33
2441,4.1
2442,4.27
2443,3.57
2444,3.39
2445,4.02
2446,3.88
2447,3.55
2448,3.23
2449,4.45
2450,4.76
2451,4.86
2452,5.41
2453,4.2
2454,4.48
2455,4.23
2456,4.45
2457,4.21
2458,4.35
2459,4.27
2460,4.24
2461,4.24
2462,4.38
2463,4.38
2464,4.55
2465,4.48
2466,4.49
2467,4.37
2468,4.45
2469,4.13
2470,3.46
2471,4.15
2472,4.79
2473,4.7
2474,4.88
2475,4.03
2476,4.77
2477,4.2
2478,3.44
2479,2.62
2480,2.61
2481,3.61
2482,2.73
2483,3.16
2484,3.13
2485,3.93
2486,5.11
2487,5.77
2488,4.82
2489,4.34
2490,3.56
2491,3.18
2492,4.04
2493,4.17
2494,3.23
2495,3.18
2496,3.34
2497,3.42
2498,5.35
2499,2.8
2500,2.6
2501,2.7
2502,2.75
2503,4.26
2504,3.01
2505,2.68
2506,2.73
2507,3.3
2508,5.02
2509,5.3
2510,3.98
2511,4.9
2512,4.98
2513,4.95
2514,5.36
2515,4.74
2516,4.2
2517,3.23
2518,3.31
2519,4.08
2520,4.55
2521,4.52
2522,4.38
2523,4.51
2524,3.48
2525,4.31
2526,5.8
2527,5.3
2528,5.86
2529,5.1
2530,5
2531,4.68
2532,5.7
2533,4.2
2534,4.18
2535,4.16
2536,4.57
2537,4.3
2538,4.35
2539,4.2
2540,4.14
2541,4.16
2542,4.49
2543,4.42
2544,5.09
2545,4.66
2546,4.3
2547,4.25
2548,4.37
2549,5.15
2550,4.7
2551,4.45
2552,4.52
2553,4.34
2554,4.78
2555,4.41
2556,4
2557,4.29
2558,4.52
2559,4.53
2560,4.58
2561,4.14
2562,5.38
2563,4.88
2564,4.01
2565,4.29
2566,4.35
2567,4.4
2568,4.38
2569,4.19
2570,4.23
2571,4.26
2572,4.37
2573,4.47
2574,4.16
2575,4.34
2576,4.3
2577,4.31
2578,4.02
2579,4.45
2580,4.47
2581,4.45
2582,4.3
2583,4.58
2584,4.27
2585,4.99
2586,4.41
2587,4.58
2588,4.41
2589,4.35
2590,3.59
2591,4.46
2592,4.16
2593,5.1
2594,4.66
2595,4.23
2596,4.27
2597,4.47
2598,5.89
2599,4.29
2600,4.47
2601,4.27
2602,4.28
2603,4.66
2604,4.27
2605,4.09
2606,4.28
2607,4.2
2608,4.01
2609,4.3
2610,5.09
2611,5.12
2612,4.38
2613,3.15
2614,2.65
2615,2.39
2616,2.89
2617,3.13
2618,3.34
2619,3.32
2620,3.79
2621,4.36
2622,3.44
2623,4.7
2624,5.33
2625,5.02
2626,5.19
2627,4.43
2628,3.92
2629,3.98
2630,3.87
2631,3.85
2632,4.18
2633,3.9
2634,4.16
2635,4.23
2636,3.95
2637,4.12
2638,4.13
2639,4.13
2640,4.22
2641,4.21
2642,4.52
2643,4.09
2644,4.32
2645,4.29
2646,4.44
2647,4.3
2648,4.48
2649,4.35
2650,4.35
2651,4.13
2652,4.04
2653,4.09
2654,4.91
2655,4.54
2656,4.05
2657,4.37
2658,4.26
2659,4.24
2660,4.21
2661,4.3
2662,4.13
2663,3.94
2664,4.48
2665,4.05
2666,3.98
2667,5.08
2668,3.46
2669,4.37
2670,4.07
2671,3.51
2672,3.45
2673,3.09
2674,2.81
2675,3.39
2676,3.49
2677,3.88
2678,4.16
2679,4.6
2680,5.7
2681,4.64
2682,4.04
2683,3.84
2684,4.05
2685,4.21
2686,4.36
2687,4.23
2688,4.63
2689,4.8
2690,4.36
2691,4.41
2692,4.42
2693,4.66
2694,4.59
2695,4.38
2696,4.21
2697,4.14
2698,4.54
2699,4.18
2700,4.24
2701,4.38
2702,4.13
2703,4.12
2704,4.26
2705,4.32
2706,4.34
2707,4.09
2708,4.16
2709,4.84
2710,4.63
2711,4.4
2712,4.59
2713,4.04
2714,6.36
2715,5.78
2716,5.54
2717,3.99
2718,4.6
2719,4.87
2720,5.17
2721,5.06
2722,4.16
2723,4.01
2724,3.77
2725,3.92
2726,4.36
2727,4.16
2728,4.26
2729,4.13
2730,4.33
2731,4.32
2732,4.3
2733,4.05
2734,4.07
2735,4.27
2736,4.23
2737,4.21
2738,4.3
2739,4.12
2740,4.2
2741,4.48
2742,4.48
2743,4.36
2744,4.39
2745,4.18
2746,4.38
2747,5.91
2748,4.53
2749,4.3
2750,4.19
2751,4.18
2752,4.16
2753,3.97
2754,4.14
2755,4.26
2756,4.27
2757,4.05
2758,4.4
2759,4.48
2760,4.15
2761,4.05
2762,4.13
2763,4.13
2764,4.39
2765,4.23
2766,4.6
2767,4.53
2768,4.57
2769,4.24
2770,3.6
2771,5.52
2772,5.06
2773,4.59
2774,4.75
2775,4.62
2776,4.63
2777,4.2
2778,4.04
2779,4.05
2780,4.09
2781,4.14
2782,4.36
2783,4.46
2784,4.46
2785,4.16
2786,4.23
2787,4.43
2788,4.48
2789,4.44
2790,4.25
2791,4.39
2792,4.27
2793,4.2
2794,4.23
2795,4.47
2796,4.52
2797,4.38
2798,4.19
2799,4.32
2800,4.09
2801,3.96
2802,4.15
2803,2.63
2804,2.95
2805,2.56
2806,2.8
2807,3.02
2808,3.21
2809,4.45
2810,4.52
2811,4.55
2812,4.8
2813,4.14
2814,4.15
2815,4.65
2816,4.64
2817,4.35
2818,4.19
2819,4.21
2820,4.27
2821,4.22
2822,4.48
2823,4.45
2824,4.61
2825,4.48
2826,4.63
2827,4.45
2828,4.25
2829,4.25
2830,4.11
2831,3.98
2832,4.37
2833,4.17
2834,4.36
2835,4.11
2836,4.23
2837,4.35
2838,4.2
2839,4.16
2840,4.32
2841,4.19
2842,4.11
2843,2.89
2844,2.84
2845,2.15
2846,3.03
2847,3.1
2848,2.87
2849,2.88
2850,2.57
2851,5.5
2852,5.88
2853,5.3
2854,4.2
2855,4.13
2856,3.85
2857,4.13
2858,4.2
2859,4.02
2860,4.12
2861,4.24
2862,4.34
2863,4.39
2864,4.11
2865,4.46
2866,4.18
2867,4.01
2868,4.26
2869,4.35
2870,4.07
2871,4.06
2872,4.48
2873,4.4
2874,4.41
2875,4.44
2876,4.43
2877,4.8
2878,4.55
2879,4.48
2880,3.9
2881,3.18
2882,4.79
2883,5.23
2884,4.55
2885,4.94
2886,4
2887,5.16
2888,5.63
2889,4.75
2890,4.07
2891,4.08
2892,4.12
2893,4.13
2894,4.07
2895,4.23
2896,4.14
2897,4.13
2898,4.01
2899,4.44
2900,4.3
2901,4.21
2902,4.3
2903,4.11
2904,4.09
2905,4.31
2906,4.74
2907,4.28
2908,4.18
2909,5.02
2910,5.1
2911,4.25
2912,4.21
2913,4.44
2914,4.52
2915,4.18
2916,4.23
2917,4.16
2918,4.43
2919,4.01
2920,4.3
2921,4.19
2922,4.29
2923,4.41
2924,4.51
2925,4.01
2926,3.32
2927,3.98
2928,3.86
2929,3.76
2930,3.8
2931,4.52
2932,3.42
2933,2.21
2934,2.77
2935,2.8
2936,3.23
2937,3.01
2938,2.67
2939,2.52
2940,2.59
2941,3.3
2942,2.75
2943,2.93
2944,3.69
2945,3.66
2946,4.38
2947,4.67
2948,3.16
2949,3.27
2950,2.88
2951,3.08
2952,4.87
2953,5.1
2954,5.37
2955,4.61
2956,4.01
2957,4.33
2958,3.59
2959,3.45
2960,4
2961,3.62
2962,4.87
2963,4.27
2964,4.22
2965,4.25
2966,4.38
2967,4.2
2968,4.23
2969,4.45
2970,4.26
2971,4.16
2972,3.88
2973,3.34
2974,3.18
2975,3.11
2976,4.67
2977,4.45
2978,5.33
2979,4.37
2980,4.8
2981,4.13
2982,2.96
2983,2.88
2984,3.19
2985,4.05
2986,2.91
2987,2.55
2988,2.65
2989,4.33
2990,5.55
2991,5.3
2992,4.91
2993,4.05
2994,4.06
2995,4.13
2996,4.38
2997,4.07
2998,4.02
2999,4.02
3000,4.33
3001,4.16
3002,4.13
3003,4.4
3004,4.22
3005,4.56
3006,4.48
3007,4.2
3008,4.05
3009,4.63
3010,4.31
3011,4.2
3012,4.45
3013,4.41
3014,4.66
3015,4.61
3016,4.63
3017,4.65
3018,4.27
3019,4.27
3020,4.48
3021,4.29
3022,4.16
3023,4.28
3024,4.11
3025,4.53
3026,4.3
3027,4.33
3028,4.32
3029,3.58
3030,3.57
3031,3.8
3032,3.91
3033,4.19
3034,4.86
3035,5.11
3036,5.23
3037,4.43
3038,4.21
3039,4.38
3040,4.41
3041,4.48
3042,4.63
3043,4.72
3044,4.6
3045,4.6
3046,4.53
3047,4.5
3048,4.59
3049,5.11
3050,4.8
3051,4.52
3052,4.95
3053,4.7
3054,5.02
3055,4.09
3056,3.72
3057,3.73
3058,4.32
3059,3.91
3060,4.76
3061,4.76
3062,5.07
3063,4.82
3064,3.23
3065,3.3
3066,3.4
3067,4.13
3068,4.15
3069,4.22
3070,4.72
3071,4.13
3072,4.31
3073,4.44
3074,5.47
3075,4.4
3076,4.07
3077,4.06
3078,4
3079,4.52
3080,4.11
3081,4.18
3082,4.17
3083,4.23
3084,4.43
3085,4.04
3086,4.7
3087,4.09
3088,4.11
3089,4.04
3090,4.13
3091,4.08
3092,4.25
3093,4.37
3094,4.23
3095,4.42
3096,4.55
3097,4.68
3098,4.46
3099,4.63
3100,4.27
3101,4.33
3102,4.57
3103,5.64
3104,5.13
3105,4.43
3106,4.63
3107,4.09
3108,4.23
3109,4.5
3110,5.05
3111,5.02
3112,4.51
3113,4.35
3114,4.07
3115,4.02
3116,4.15
3117,4.36
3118,4.18
3119,4.36
3120,4.36
3121,4.36
3122,4.09
3123,4.14
3124,4.52
3125,4.32
3126,4.37
3127,4.41
3128,4.1
3129,4.29
3130,4.18
3131,4.2
3132,4.27
3133,4.26
3134,4.26
3135,4.16
3136,4.05
3137,4.34
3138,4.27
3139,4.1
3140,4.12
3141,4.02
3142,4.07
3143,4.41
3144,4.46
3145,4.68
3146,4.66
3147,4.36
3148,4.3
3149,4.27
3150,3.62
3151,3.94
3152,3.98
3153,3.24
3154,3.27
3155,2.46
3156,2.76
3157,2.65
3158,2.88
3159,4.14
3160,4.24
3161,5.57
3162,5.29
3163,4.19
3164,4.12
3165,4.26
3166,4.3
3167,4.51
3168,4.56
3169,4.7
3170,4.53
3171,4.59
3172,4.73
3173,4.73
3174,4.62
3175,4.41
3176,4.46
3177,4.35
3178,4.41
3179,4.29
3180,4.34
3181,4.41
3182,4.19
3183,4.27
3184,4.15
3185,4.3
3186,4.5
3187,4.19
3188,3.15
3189,3.63
3190,3.62
3191,3.82
3192,3.78
3193,4.01
3194,6.64
3195,5.91
3196,5.44
3197,4.14
3198,3.87
3199,3.13
3200,5.45
3201,4.22
3202,4.27
3203,4.21
3204,4.38
3205,4.52
3206,4.36
3207,4.45
3208,4.21
3209,4.32
3210,4.13
3211,4.27
3212,4.12
3213,4.63
3214,4.45
3215,4.09
3216,4.41
3217,4.39
3218,5.43
3219,4.41
3220,4
3221,3.91
3222,5.45
3223,4.52
3224,4.3
3225,4.12
3226,4
3227,4.4
3228,4.49
3229,3.97
3230,4.03
3231,4.05
3232,4.03
3233,4
3234,4.05
3235,4.19
3236,4.02
3237,4
3238,4.09
3239,4.36
3240,4.03
3241,4.01
3242,3.54
3243,3.55
3244,4.34
3245,4.45
3246,4.93
3247,4.55
3248,4.25
3249,4.14
3250,3.92
3251,3.75
3252,3.98
3253,4.14
3254,4.15
3255,4.02
3256,4.02
3257,4.17
3258,4.1
3259,4.23
3260,3.9
3261,4.43
3262,4.45
3263,4.93
3264,5.34
3265,4.47
3266,3.71
3267,4.61
3268,3.85
3269,4.09
3270,4.13
3271,4.13
3272,4.15
3273,4.25
3274,4.32
3275,4.23
3276,4.3
3277,4.28
3278,4.46
3279,4.42
3280,4.43
3281,4.31
3282,4.34
3283,4.25
3284,4.08
3285,4.48
3286,4.37
3287,4.11
3288,4.34
3289,3.52
3290,3.31
3291,4.18
3292,3.98
3293,4.26
3294,4.76
3295,4.86
3296,5.32
3297,4.58
3298,4.45
3299,3.98
3300,4.37
3301,4.12
3302,4.45
3303,4.3
3304,4.34
3305,4.23
3306,4.22
3307,4.05
3308,4.12
3309,4.13
3310,4.01
3311,4.26
3312,4.04
3313,3.95
3314,4.28
3315,4
3316,4.19
3317,4.15
3318,4.45
3319,4.2
3320,4.21
3321,4.2
3322,4.14
3323,3.31
3324,3.13
3325,3.44
3326,3.56
3327,2.56
3328,3.05
3329,2.94
3330,3.09
3331,2.72
3332,2.58
3333,3.7
3334,4.81
3335,4.31
3336,3.9
3337,4.34
3338,5.76
3339,5.47
3340,4.31
3341,4.76
3342,5.05
3343,5.3
3344,4.72
3345,3.77
3346,3.91
3347,3.95
3348,4.31
3349,4.6
3350,4.75
3351,5.24
3352,4.06
3353,4.19
3354,4.03
3355,4.22
3356,4.09
3357,4.12
3358,4.27
3359,4.41
3360,4.13
3361,4.03
3362,4.3
3363,4.13
3364,4.15
3365,4.25
3366,4.34
3367,4.27
3368,4.37
3369,4.2
3370,4.22
3371,4.21
3372,4.32
3373,4.15
3374,4.07
3375,4.14
3376,4.29
3377,4.23
3378,3.88
3379,4.23
3380,4.2
3381,4.9
3382,4.59
3383,4.16
3384,4.52
3385,3.76
3386,4.23
3387,4.06
3388,4.5
3389,4.54
3390,4.18
3391,4.59
3392,5.01
3393,4.38
3394,4.48
3395,4.37
3396,4.34
3397,4.56
3398,4.48
3399,4.51
3400,4.57
3401,4.3
3402,4.22
3403,4.18
3404,4.27
3405,3.92
3406,4.25
3407,4.43
3408,4.49
3409,4.55
3410,4.63
3411,4.42
3412,4.41
3413,4.55
3414,4.18
3415,4.43
3416,4.65
3417,4.45
3418,4.4
3419,3.55
3420,4.34
3421,3.87
3422,3.76
3423,4.44
3424,2.05
3425,2.81
3426,2.76
3427,3.41
3428,2.94
3429,2.3
3430,2.55
3431,2.76
3432,3.05
3433,2.98
3434,3.38
3435,3.83
3436,3.4
3437,3.58
3438,3.95
3439,3.27
3440,2.79
3441,2.35
3442,2.23
3443,2.55
3444,2.42
3445,1.87
3446,1.8
3447,2.24
3448,2.56
3449,2.62
3450,3.2
3451,3.16
3452,2.79
3453,2.17
3454,1.44
3455,0.71
3456,0.78
3457,0.73
3458,0.73
3459,0.73
3460,0.8
3461,0.77
3462,1.45
3463,0.85
3464,0.72
3465,0.8
3466,0.87
3467,0.82
3468,1.24
3469,1.09
3470,0.91
3471,0.83
3472,0.83
3473,0.8
3474,0.79
3475,0.75
3476,0.78
3477,0.8
3478,0.84
3479,0.8
3480,0.87
3481,0.84
3482,0.87
3483,0.73
3484,0.83
3485,0.88
3486,0.91
3487,0.85
3488,0.99
3489,0.8
3490,0.84
3491,0.85
3492,0.84
3493,0.77
3494,0.75
3495,0.83
3496,0.87
3497,0.74
3498,0.79
3499,0.78
3500,0.79
3501,0.73
3502,1.1
3503,1.01
3504,1.3
3505,2.18
3506,2.41
3507,3.17
3508,2.4
3509,2.73
3510,3.76
3511,4.18
3512,4.01
3513,3.57
3514,5.22
3515,4.55
3516,3.93
3517,5.34
3518,5.27
3519,5.26
3520,4.07
3521,4.54
3522,4.27
3523,4.25
3524,4.66
3525,4.58
3526,4.81
3527,5.2
3528,4.29
3529,3.91
3530,3.87
3531,4.11
3532,3.91
3533,3.88
3534,3.92
3535,4.23
3536,4.21
3537,4.23
3538,3.93
3539,3.98
3540,4.13
3541,3.96
3542,4.02
3543,4.1
3544,4.02
3545,3.98
3546,3.88
3547,4.14
3548,3.8
3549,4.7
3550,4.33
3551,4.19
3552,3.98
3553,4.41
3554,4.25
3555,3.95
3556,3.92
3557,4.22
3558,4.64
3559,4.28
3560,3.84
3561,4.02
3562,3.94
3563,4.16
3564,4.33
3565,4.33
3566,4.26
3567,3.91
3568,4.29
3569,4.59
3570,4.02
3571,3.88
3572,4.16
3573,3.91
3574,4.06
3575,4.1
3576,4
3577,4.37
3578,4.05
3579,3.96
3580,3.89
3581,4.31
3582,4.1
3583,3.95
3584,4.02
3585,4.11
3586,4.4
3587,4.09
3588,4.02
3589,4.09
3590,3.95
3591,3.92
3592,4.42
3593,4.02
3594,3.95
3595,4.08
3596,4.08
3597,2.98
3598,3.07
3599,3.24
3600,2.88
3601,4.35
3602,4.24
3603,3.88
3604,2.57
3605,2.02
3606,1.56
3607,2.13
3608,2.2
3609,2.57
3610,4.29
3611,4.8
3612,3.76
3613,3.28
3614,5.54
3615,5.83
3616,4.81
3617,3.88
3618,4.13
3619,3.84
3620,3.8
3621,4.41
3622,3.97
3623,4.26
3624,3.98
3625,3.91
3626,3.98
3627,3.95
3628,4.8
3629,4.48
3630,4.09
3631,4.29
3632,4.05
3633,3.98
3634,4.16
3635,4.3
3636,4.02
3637,4.2
3638,3.95
3639,3.85
3640,4.07
3641,4
3642,4.09
3643,4.2
3644,4.73
3645,4.38
3646,4.37
3647,4.13
3648,4.16
3649,4.12
3650,5.25
3651,4.43
3652,4.2
3653,4.22
3654,4.17
3655,4.29
3656,4.35
3657,4.16
3658,4.23
3659,3.91
3660,4.14
3661,4.03
3662,4.11
3663,3.93
3664,4.21
3665,4.03
3666,4.4
3667,4.17
3668,4.13
3669,4.41
3670,4.07
3671,3.98
3672,4.2
3673,3.75
3674,3.44
3675,3.41
3676,4.61
3677,4.47
3678,4.28
3679,4.46
3680,4.38
3681,4.19
3682,3.78
3683,3.76
3684,4.52
3685,4.05
3686,3.73
3687,3.82
3688,3.72
3689,3.96
3690,3.98
3691,4.03
3692,4.19
3693,4.03
3694,4.13
3695,4.14
3696,4.28
3697,4.13
3698,3.95
3699,4.01
3700,4.12
3701,3.44
3702,3.29
3703,4.34
3704,4.88
3705,4.13
3706,4.39
3707,4.41
3708,4.1
3709,3.24
3710,2.45
3711,2.3
3712,2.38
3713,2.27
3714,2.52
3715,2.35
3716,2.55
3717,2.65
3718,3.02
3719,4.87
3720,6.07
3721,4.75
3722,3.46
3723,3.44
3724,3.82
3725,4.47
3726,4.17
3727,3.85
3728,4.16
3729,3.95
3730,4.73
3731,4.34
3732,4.14
3733,4.34
3734,4.18
3735,4.29
3736,4.23
3737,4.09
3738,3.95
3739,4.19
3740,4
3741,4.34
3742,4.22
3743,4.17
3744,4.3
3745,4.48
3746,4.16
3747,4.16
3748,4.13
3749,3.91
3750,3.88
3751,2.65
3752,3.09
3753,2.8
3754,3.41
3755,2.85
3756,2.82
3757,3.91
3758,4.48
3759,4.94
3760,4.68
3761,4.19
3762,3.81
3763,4.05
3764,3.98
3765,3.84
3766,3.91
3767,4.23
3768,4.02
3769,4.02
3770,4.15
3771,3.95
3772,3.81
3773,4.01
3774,4.13
3775,4.02
3776,3.99
3777,4.26
3778,4.21
3779,4.02
3780,4
3781,4.08
3782,4.24
3783,4.07
3784,4.23
3785,4.06
3786,4.2
3787,4.27
3788,4.16
3789,4.41
3790,4.08
3791,4.74
3792,4.57
3793,4.75
3794,4.05
3795,4.01
3796,3.95
3797,4.13
3798,4.04
3799,4.13
3800,4.03
3801,3.88
3802,4.09
3803,4.25
3804,4.37
3805,4.16
3806,4.12
3807,4.07
3808,3.32
3809,3.29
3810,3.57
3811,4.28
3812,4.27
3813,4.64
3814,4.99
3815,5.14
3816,4
3817,4.61
3818,5.29
3819,3.82
3820,3.22
3821,2.94
3822,3.1
3823,3.69
3824,4.02
3825,5.06
3826,4.01
3827,3.92
3828,4.1
3829,4.2
3830,4.22
3831,4.28
3832,4.01
3833,3.95
3834,3.98
3835,4.23
3836,4.09
3837,4.2
3838,4.28
3839,4.01
3840,4.03
3841,4.07
3842,4.07
3843,4.09
3844,4.07
3845,4.07
3846,4.42
3847,4.22
3848,3.98
3849,4.11
3850,4.14
3851,3.94
3852,4.16
3853,4.02
3854,4.05
3855,4.27
3856,4.19
3857,4.04
3858,4.6
3859,4.13
3860,4.16
3861,4.05
3862,4.29
3863,4.16
3864,4.13
3865,3.98
3866,3.35
3867,3.48
3868,3.48
3869,3.97
3870,4.13
3871,4.28
3872,4.59
3873,4.38
3874,4.02
3875,3.34
3876,3.47
3877,3.52
3878,3.48
3879,3.55
3880,5.05
3881,4.91
3882,4.34
3883,3.96
3884,3.75
3885,3.87
3886,4.12
3887,4.06
3888,4.03
3889,4.39
3890,4.7
3891,3.91
3892,4.04
3893,4.01
3894,4.91
3895,4.02
3896,3.49
3897,3.41
3898,3.44
3899,5.19
3900,4.17
3901,3.66
3902,3.41
3903,5.04
3904,5.09
3905,4.16
3906,3.87
3907,3.99
3908,4.29
3909,3.86
3910,4
3911,3.89
3912,4.09
3913,3.34
3914,3.66
3915,3.55
3916,4.78
3917,4.32
3918,3.73
3919,3.31
3920,3.3
3921,3.38
3922,4.2
3923,5.47
3924,4.77
3925,3.88
3926,3.68
3927,3.51
3928,3.95
3929,4.02
3930,4.52
3931,3.91
3932,4.1
3933,4.02
3934,4.11
3935,4.01
3936,4.04
3937,4.13
3938,4.28
3939,4.16
3940,3.84
3941,4.32
3942,4.13
3943,4.07
3944,3.72
3945,3.59
3946,3.83
3947,3.83
3948,4.36
3949,4.03
3950,3.87
3951,4.06
3952,4.11
3953,3.97
3954,4.3
3955,4
3956,4.07
3957,4.16
3958,4.34
3959,3.82
3960,4.23
3961,4.04
3962,4.22
3963,3.99
3964,4.05
3965,4.25
3966,4.13
3967,4.2
3968,4.23
3969,4.3
3970,3.91
3971,4.45
3972,2.9
3973,3.09
3974,2.66
3975,2.5
3976,3.1
3977,3.6
3978,4.24
3979,5.77
3980,4.48
3981,3.96
3982,4.13
3983,4.05
3984,4.16
3985,4.05
3986,3.95
3987,3.97
3988,4.44
3989,4.23
3990,4.16
3991,4.55
3992,4.1
3993,4.27
3994,4.04
3995,3.7
3996,3.89
3997,4.27
3998,4.11
3999,3.84
4000,3.73
4001,3.75
4002,3.92
4003,4.09
4004,3.91
4005,4.07
4006,3.91
4007,4.39
4008,4.06
4009,4.09
4010,3.68
4011,3.72
4012,3.68
4013,3.71
4014,3.64
4015,3.91
4016,3.75
4017,3.69
4018,3.72
4019,3.99
4020,3.97
4021,4.05
4022,3.91
4023,4.04
4024,4.12
4025,4.13
4026,4.05
4027,4.23
4028,4.33
4029,4.38
4030,4.3
4031,4
4032,3.52
4033,3.41
4034,4.96
4035,4.02
4036,4.15
4037,4.55
4038,4.41
4039,4.12
4040,3.76
4041,4
4042,3.72
4043,4.14
4044,3.81
4045,4.4
4046,4.14
4047,3.89
4048,3.88
4049,3.89
4050,3.86
4051,3.77
4052,4.16
4053,4.14
4054,4.11
4055,4.36
4056,4.77
4057,4.3
4058,4.2
4059,4.28
4060,5.04
4061,4.8
4062,3.94
4063,3.81
4064,4.01
4065,4.66
4066,4.16
4067,3.99
4068,3.95
4069,3.88
4070,4.48
4071,4.27
4072,4.02
4073,4.04
4074,4.16
4075,4.02
4076,4.73
4077,4.55
4078,4.19
4079,3.89
4080,3.3
4081,3.26
4082,3.69
4083,3.66
4084,3.72
4085,3.91
4086,4.02
4087,3.97
4088,4.08
4089,4.18
4090,4.26
4091,4.09
4092,4.02
4093,3.95
4094,3.84
4095,3.91
4096,3.87
4097,3.84
4098,3.75
4099,3.89
4100,4.14
4101,4.63
4102,4.05
4103,3.94
4104,4.07
4105,4.19
4106,4.35
4107,4.2
4108,4.18
4109,4.32
4110,4.24
4111,4.06
4112,4.07
4113,4
4114,4.23
4115,4.14
4116,4.05
4117,4.32
4118,4.23
4119,4.27
4120,4.58
4121,5.15
4122,4.62
4123,4.21
4124,3.5
4125,3.37
4126,3.56
4127,3.39
4128,2.85
4129,2.44
4130,2.86
4131,3.62
4132,4.87
4133,5.18
4134,5.03
4135,4.06
4136,3.62
4137,3.48
4138,3.71
4139,3.85
4140,3.96
4141,3.95
4142,3.8
4143,3.77
4144,3.73
4145,3.86
4146,3.08
4147,3.98
4148,4.49
4149,2.67
4150,2.29
4151,2.13
4152,2.77
4153,4.54
4154,5.38
4155,5.6
4156,5.1
4157,4.66
4158,3.91
4159,4.81
4160,4.73
4161,4.23
4162,4.76
4163,4.64
4164,5.13
4165,3.92
4166,3.83
4167,3.79
4168,3.98
4169,4.14
4170,3.94
4171,3.72
4172,3.72
4173,3.88
4174,3.7
4175,4.03
4176,3.79
4177,3.89
4178,3.69
4179,3.9
4180,5.2
4181,4.27
4182,4.57
4183,3.96
4184,5.06
4185,4.96
4186,4.87
4187,4.11
4188,4.23
4189,4.02
4190,4.03
4191,4.15
4192,3.9
4193,3.92
4194,4.04
4195,4.18
4196,3.95
4197,4.09
4198,4.6
4199,4.08
4200,4.05
4201,4.05
4202,4.1
4203,4.07
4204,4.03
4205,4.38
4206,4.16
4207,3.85
4208,4.1
4209,4.2
4210,4.24
4211,4.2
4212,4.02
4213,3.91
4214,4.02
4215,3.99
4216,4.15
4217,4.04
4218,4.15
4219,4.21
4220,4.37
4221,4.84
4222,4.7
4223,4.25
4224,4.15
4225,4.55
4226,4.94
4227,3.96
4228,4.41
4229,4.35
4230,4.68
4231,3.78
4232,3.25
4233,3.64
4234,3.92
4235,4.7
4236,4.41
4237,4.66
4238,4.84
4239,3.98
4240,3.5
4241,4.18
4242,4.08
4243,4.18
4244,4.19
4245,4.27
4246,4.13
4247,4.09
4248,4.34
4249,4.22
4250,4.08
4251,4.14
4252,4.17
4253,4.3
4254,4.3
4255,3.88
4256,3.98
4257,4.07
4258,4.29
4259,4.26
4260,4.12
4261,4.4
4262,3.76
4263,3.95
4264,4.01
4265,4.14
4266,4.33
4267,4.4
4268,3.95
4269,3.87
4270,4.02
4271,4.12
4272,3.98
4273,4.16
4274,4.24
4275,4.11
4276,4.11
4277,3.68
4278,3.59
4279,3.25
4280,2.91
4281,2.25
4282,2.41
4283,3
4284,2.86
4285,2.84
4286,2.91
4287,3.43
4288,3.28
4289,2.96
4290,4.08
4291,5.48
4292,4.63
4293,4.03
4294,3.27
4295,3.59
4296,3.59
4297,3.82
4298,3.91
4299,3.83
4300,3.99
4301,3.91
4302,3.98
4303,4.03
4304,4.08
4305,4.23
4306,4.62
4307,4.16
4308,3.77
4309,3.76
4310,3.88
4311,4.05
4312,4.38
4313,3.81
4314,3.56
4315,4.59
4316,4.25
4317,4.04
4318,4.16
4319,4.42
4320,4.91
4321,3.64
4322,3.77
4323,3.74
4324,3.76
4325,3.95
4326,4.01
4327,3.97
4328,4.24
4329,4.12
4330,4.01
4331,3.96
4332,3.9
4333,4.26
4334,4.07
4335,3.84
4336,3.85
4337,3.89
4338,3.88
4339,4.09
4340,4.16
4341,4.44
4342,3.9
4343,4.02
4344,3.65
4345,3.83
4346,3.84
4347,3.91
4348,3.91
4349,3.97
4350,3.99
4351,3.87
4352,3.98
4353,3.91
4354,4.08
4355,4.09
4356,3.95
4357,4.59
4358,3.98
4359,4.48
4360,4.35
4361,3.99
4362,4.05
4363,4.23
4364,4.05
4365,4.11
4366,4.25
4367,4.23
4368,4.16
4369,4.37
4370,4.18
4371,4.03
4372,4.01
4373,4.39
4374,4.31
4375,4.13
4376,4.08
4377,4.02
4378,4.3
4379,4.45
4380,4.52
4381,3.94
4382,2.83
4383,2.15
4384,2.85
4385,3.01
4386,3.3
4387,2.63
4388,2.48
4389,0.99
4390,0.83
4391,0.83
4392,1.57
4393,0.9
4394,0.9
4395,0.79
4396,0.78
4397,1.61
4398,0.86
4399,0.96
4400,1.02
4401,0.97
4402,1.07
4403,0.96
4404,0.86
4405,0.86
4406,0.95
4407,0.89
4408,0.95
4409,0.79
4410,1.04
4411,0.78
4412,0.84
4413,0.75
4414,0.73
4415,0.77
4416,0.8
4417,0.91
4418,0.89
4419,0.72
4420,0.82
4421,0.84
4422,0.83
4423,0.9
4424,1.03
4425,0.82
4426,0.8
4427,0.78
4428,0.86
4429,0.8
4430,0.69
4431,0.8
4432,0.77
4433,0.77
4434,0.79
4435,0.96
4436,0.7
4437,0.7
4438,0.8
4439,0.8
4440,0.8
4441,0.98
4442,1.02
4443,1.05
4444,0.8
4445,0.78
4446,0.76
4447,0.84
4448,0.8
4449,0.77
4450,0.77
4451,0.97
4452,0.75
4453,0.75
4454,0.78
4455,0.77
4456,0.96
4457,0.88
4458,0.8
4459,1.21
4460,0.8
4461,0.8
4462,0.83
4463,0.92
4464,0.83
4465,0.93
4466,0.85
4467,0.67
4468,0.91
4469,0.87
4470,0.85
4471,0.85
4472,1.21
4473,1.05
4474,1.02
4475,1.03
4476,0.92
4477,1.42
4478,1.34
4479,1.13
4480,1.42
4481,1.4
4482,1.82
4483,1.41
4484,1.2
4485,1.27
4486,0.75
4487,1.04
4488,0.75
4489,1.14
4490,1
4491,1.12
4492,1.29
4493,1.7
4494,1.34
4495,1.14
4496,2.48
4497,3.55
4498,3.67
4499,3.98
4500,3.7
4501,3.87
4502,3.62
4503,3.7
4504,4.04
4505,5.31
4506,4.23
4507,4.1
4508,3.73
4509,3.76
4510,3.9
4511,3.95
4512,3.8
4513,3.88
4514,3.98
4515,4.03
4516,4.13
4517,3.88
4518,3.91
4519,3.98
4520,4.04
4521,4.28
4522,3.75
4523,3.93
4524,3.83
4525,3.83
4526,3.96
4527,3.91
4528,4.1
4529,4.05
4530,4.04
4531,4.11
4532,4.15
4533,4.34
4534,4.09
4535,3.79
4536,3.98
4537,3.77
4538,4.13
4539,4.02
4540,4.01
4541,4.16
4542,3.89
4543,3.91
4544,3.98
4545,4.13
4546,4
4547,4.4
4548,4.1
4549,4.2
4550,4.3
4551,3.95
4552,4.28
4553,4.13
4554,4.52
4555,4.02
4556,4.13
4557,4.04
4558,4.52
4559,4.35
4560,4.16
4561,4.08
4562,4.11
4563,3.95
4564,4.09
4565,4.16
4566,4.66
4567,4.46
4568,4.11
4569,3.96
4570,3.91
4571,4.1
4572,4.02
4573,4.15
4574,4.01
4575,4.12
4576,4.21
4577,3.8
4578,3.94
4579,4.17
4580,3.89
4581,4.36
4582,3.91
4583,3.8
4584,3.95
4585,3.89
4586,4.12
4587,3.93
4588,4.23
4589,4.03
4590,3.65
4591,3.28
4592,3.41
4593,3.74
4594,4.81
4595,4.74
4596,4.23
4597,3.7
4598,3.63
4599,3.55
4600,3.31
4601,2.41
4602,2.44
4603,2.46
4604,2.79
4605,2.89
4606,2.88
4607,4.82
4608,5.16
4609,4.29
4610,3.73
4611,3.9
4612,4.02
4613,4.07
4614,3.91
4615,3.92
4616,4.27
4617,4.03
4618,3.82
4619,4.01
4620,4.38
4621,3.96
4622,3.57
4623,3.66
4624,3.59
4625,3.56
4626,3.53
4627,3.79
4628,3.56
4629,4.02
4630,3.99
4631,3.95
4632,4.02
4633,4.23
4634,3.82
4635,3.91
4636,4.17
4637,3.98
4638,4.09
4639,3.73
4640,3.69
4641,4.03
4642,3.94
4643,4.14
4644,4.23
4645,3.97
4646,3.86
4647,3.83
4648,3.81
4649,4.14
4650,3.81
4651,4.01
4652,4.05
4653,4.05
4654,4.14
4655,3.91
4656,4.03
4657,3.89
4658,3.9
4659,4.23
4660,4.02
4661,3.9
4662,3.48
4663,3.33
4664,3.21
4665,2.92
4666,3.25
4667,2.98
4668,2.85
4669,2.59
4670,2.6
4671,2.95
4672,2.78
4673,3.59
4674,4.3
4675,4.3
4676,3.44
4677,3.52
4678,3.32
4679,4.73
4680,3.88
4681,5.05
4682,3.63
4683,3.98
4684,3.91
4685,3.79
4686,4.05
4687,4.29
4688,4.24
4689,4.31
4690,3.79
4691,3.23
4692,3.23
4693,3.63
4694,3.97
4695,4.15
4696,4.59
4697,4.53
4698,5.69
4699,3.81
4700,3.72
4701,3.91
4702,3.84
4703,4.05
4704,4.16
4705,4.04
4706,4.29
4707,3.88
4708,4.02
4709,4.05
4710,4.16
4711,4.19
4712,4.06
4713,4.15
4714,3.74
4715,3.95
4716,3.9
4717,3.78
4718,3.97
4719,3.91
4720,4.23
4721,4.05
4722,3.8
4723,4.13
4724,3.88
4725,4.38
4726,4.27
4727,3.88
4728,4.08
4729,3.97
4730,4.22
4731,4.4
4732,4.16
4733,3.34
4734,4.06
4735,3.83
4736,4.16
4737,4.23
4738,4.58
4739,3.48
4740,3.95
4741,3.79
4742,4.01
4743,4.09
4744,4.03
4745,3.95
4746,4.12
4747,4.45
4748,4.34
4749,4.3
4750,3.95
4751,3.77
4752,3.94
4753,4.02
4754,3.67
4755,3.76
4756,4.13
4757,3.88
4758,3.9
4759,3.98
4760,4.01
4761,3.96
4762,3.86
4763,3.77
4764,4.8
4765,4.29
4766,4.8
4767,4.25
4768,3.21
4769,3.63
4770,3.8
4771,3.86
4772,3.88
4773,3.76
4774,3.8
4775,3.88
4776,3.93
4777,3.8
4778,3.95
4779,3.59
4780,3.36
4781,3.24
4782,3.15
4783,4.26
4784,3.77
4785,3.99
4786,4.2
4787,3.77
4788,2.64
4789,2.63
4790,2.39
4791,2.39
4792,2.45
4793,2.41
4794,2.6
4795,1.93
4796,2.43
4797,2.31
4798,2.96
4799,2.85
4800,2.59
4801,1.98
4802,2.06
4803,1.8
4804,1.25
4805,1.25
4806,0.99
4807,1
4808,0.99
4809,1
4810,0.97
4811,1.01
4812,0.94
4813,0.94
4814,1.03
4815,0.96
4816,0.89
4817,0.87
4818,0.96
4819,1.03
4820,0.86
4821,0.84
4822,1.29
4823,1.45
4824,1.47
4825,1.59
4826,2.42
4827,2.73
4828,3.77
4829,2.55
4830,2.4
4831,2.23
4832,2.25
4833,2.59
4834,2.48
4835,2.27
4836,2.27
4837,2.26
4838,2.27
4839,2.31
4840,2.43
4841,2.6
4842,2.66
4843,2.7
4844,2.95
4845,3.27
4846,3.96
4847,3.98
4848,4.08
4849,3.87
4850,3.55
4851,2.8
4852,2.61
4853,2.08
4854,1.37
4855,1.95
4856,1.66
4857,1.79
4858,2.13
4859,2.87
4860,2.55
4861,2.45
4862,1.45
4863,1.3
4864,1.16
4865,1.96
4866,1.59
4867,1.51
4868,2.45
4869,2.36
4870,2.59
4871,2.82
4872,2.49
4873,2.71
4874,2.46
4875,2.35
4876,1.83
4877,2.7
4878,2.54
4879,2.55
4880,1.63
4881,1.45
4882,1.34
4883,1.4
4884,1.48
4885,1.63
4886,1.67
4887,2.06
4888,2.27
4889,1.13
4890,1
4891,1.04
4892,1.04
4893,1
4894,1.93
4895,1.84
4896,2.31
4897,2.7
4898,1.73
4899,1.26
4900,1.4
4901,1.77
4902,1.8
4903,2.21
4904,1.73
4905,1.74
4906,1.73
4907,2.48
4908,2.68
4909,2.08
4910,3.03
4911,2.23
4912,1.28
4913,1.06
4914,1.08
4915,1.14
4916,1.17
4917,1.22
4918,1.44
4919,2.86
4920,2.91
4921,3.11
4922,2.05
4923,2.17
4924,2.21
4925,1.85
4926,1.7
4927,2.59
4928,2.23
4929,1.8
4930,1.73
4931,1.68
4932,1.7
4933,1.67
4934,1.67
4935,1.86
4936,1.69
4937,1.79
4938,1.84
4939,1.79
4940,2.32
4941,1.92
4942,1.93
4943,2.09
4944,2.6
4945,2.89
4946,2.32
4947,1.63
4948,1.01
4949,1.11
4950,1.04
4951,4.53
4952,5.69
4953,3.81
4954,3.72
4955,3.91
4956,3.84
4957,4.05
4958,4.16
4959,4.04
4960,4.29
4961,3.88
4962,4.02
4963,4.05
4964,4.16
4965,4.19
4966,4.06
4967,4.15
4968,3.74
4969,3.95
4970,3.9
4971,3.78
4972,3.97
4973,3.91
4974,4.23
4975,4.05
4976,3.8
4977,4.13
4978,3.88
4979,4.38
4980,4.27
4981,3.88
4982,4.08
4983,3.97
4984,4.22
4985,4.4
4986,4.16
4987,3.34
4988,4.06
4989,3.83
4990,4.16
4991,4.23
4992,4.58
4993,3.48
4994,3.95
4995,3.79
4996,4.01
4997,4.09
4998,4.03
4999,3.95
5000,4.12
5001,4.45
5002,4.34
5003,4.3
5004,3.95
5005,3.77
5006,3.94
5007,4.02
5008,3.67
5009,3.76
5010,4.13
5011,3.88
5012,3.9
5013,3.98
5014,4.01
5015,3.96
5016,3.86
5017,3.77
5018,4.8
5019,4.29
5020,4.8
5021,4.25
5022,3.21
5023,3.63
5024,3.8
5025,3.86
5026,3.88
5027,3.76
5028,3.8
5029,3.88
5030,3.93
5031,3.8
5032,3.95
5033,3.59
5034,3.36
5035,3.24
5036,3.15
5037,4.26
5038,3.77
5039,3.99
5040,4.2
5041,3.77
5042,2.64
5043,2.63
5044,2.39
5045,2.39
5046,2.45
5047,2.41
5048,2.6
5049,1.93
5050,2.43
5051,2.31
5052,2.96
5053,2.85
5054,2.59
5055,1.98
5056,2.06
5057,1.8
5058,1.25
5059,1.25
5060,0.99
5061,1
5062,0.99
5063,1
5064,0.97
5065,1.01
5066,0.94
5067,0.94
5068,1.03
5069,0.96
5070,0.89
5071,0.87
5072,0.96
5073,1.03
5074,0.86
5075,0.84
5076,1.29
5077,1.45
5078,1.47
5079,1.59
5080,2.42
5081,2.73
5082,3.77
5083,2.55
5084,2.4
5085,2.23
5086,2.25
5087,2.59
5088,2.48
5089,2.27
5090,2.27
5091,2.26
5092,2.27
5093,2.31
5094,2.43
5095,2.6
5096,2.66
5097,2.7
5098,2.95
5099,3.27
5100,3.96
5101,3.98
5102,4.08
5103,3.87
5104,3.55
5105,2.8
5106,2.61
5107,2.08
5108,1.37
5109,1.95
5110,1.66
5111,1.79
5112,2.13
5113,2.87
5114,2.55
5115,2.45
5116,1.45
5117,1.3
5118,1.16
5119,1.96
5120,1.59
5121,1.51
5122,2.45
5123,2.36
5124,2.59
5125,2.82
5126,2.49
5127,2.71
5128,2.46
5129,2.35
5130,1.83
5131,2.7
5132,2.54
5133,2.55
5134,1.63
5135,1.45
5136,1.34
5137,1.4
5138,1.48
5139,1.63
5140,1.67
5141,2.06
5142,2.27
5143,1.13
5144,1
5145,1.04
5146,1.04
5147,1
5148,1.93
5149,1.84
5150,2.31
5151,2.7
5152,1.73
5153,1.26
5154,1.4
5155,1.77
5156,1.8
5157,2.21
5158,1.73
5159,1.74
5160,1.73
5161,2.48
5162,2.68
5163,2.08
5164,3.03
5165,2.23
5166,1.28
5167,1.06
5168,1.08
5169,1.14
5170,1.17
5171,1.22
5172,1.44
5173,2.86
5174,2.91
5175,3.11
5176,2.05
5177,2.17
5178,2.21
5179,1.85
5180,1.7
5181,2.59
5182,2.23
5183,1.8
5184,1.73
5185,1.68
5186,1.7
5187,1.67
5188,1.67
5189,1.86
5190,1.69
5191,1.79
5192,1.84
5193,1.79
5194,2.32
5195,1.92
5196,1.93
5197,2.09
5198,2.6
5199,2.89
5200,2.32
5201,1.63
5202,1.01
5203,1.11
5204,1.04
5205,0.65
5206,0.66
5207,0.7
5208,0.66
5209,0.72
5210,0.71
5211,0.68
5212,0.77
5213,0.72
5214,0.63
5215,0.81
5216,0.64
5217,0.75
5218,0.79
5219,0.89
5220,0.61
5221,0.6
5222,0.63
5223,0.59
5224,0.97
5225,0.86
5226,0.6
5227,0.6
5228,0.52
5229,0.55
5230,0.59
5231,0.74
5232,0.64
5233,0.63
5234,0.65
5235,0.7
5236,0.71
5237,0.83
5238,0.66
5239,0.72
5240,0.82
5241,0.65
5242,0.69
5243,0.72
5244,0.81
5245,0.61
5246,0.6
5247,0.67
5248,0.87
5249,0.74
5250,0.67
5251,0.55
5252,0.51
5253,0.52
5254,0.59
5255,0.59
5256,0.82
5257,0.65
5258,0.59
5259,0.59
5260,0.58
5261,0.65
5262,0.67
5263,0.76
5264,0.71
5265,1.28
5266,2.47
5267,1.63
5268,0.58
5269,0.53
5270,0.61
5271,0.62
5272,0.53
5273,0.66
5274,0.61
5275,0.91
5276,0.61
5277,0.64
5278,0.97
5279,1.27
5280,1.82
5281,2.51
5282,1.64
5283,2.47
5284,1.14
5285,0.73
5286,0.65
5287,0.74
5288,0.91
5289,1.5
5290,1.43
5291,2.42
5292,2.48
5293,1.9
5294,1.39
5295,1.86
5296,2.13
5297,0.78
5298,0.6
5299,0.74
5300,0.6
5301,0.76
5302,0.78
5303,0.75
5304,0.81
5305,1.05
5306,1.4
5307,1.08
5308,1.09
5309,0.93
5310,1.16
5311,1.89
5312,2.21
5313,1.96
5314,2.43
5315,3.24
5316,1.95
5317,2.09
5318,2.63
5319,1.39
5320,2.25
5321,1.22
5322,1.19
5323,1.36
5324,2.13
5325,1.74
5326,1.25
5327,1.35
5328,0.82
5329,0.73
5330,0.83
5331,1.68
5332,1.57
5333,1.22
5334,1.18
5335,0.85
5336,0.85
5337,0.87
5338,0.91
5339,0.75
5340,1.05
5341,0.82
5342,0.79
5343,1.18
5344,1.44
5345,2.84
5346,3.25
5347,2.82
5348,1.54
5349,2.39
5350,2.14
5351,1.89
5352,2.32
5353,3.2
5354,3.32
5355,3.29
5356,3.33
5357,2.85
5358,2.93
5359,3.35
5360,3.83
5361,3.61
5362,3.5
5363,3.43
5364,3.66
5365,3.58
5366,3.84
5367,3.52
5368,3.54
5369,2.93
5370,2.24
5371,2.84
5372,2.45
5373,2.47
5374,2.34
5375,2.66
5376,2.23
5377,2.93
5378,3.23
5379,3.32
5380,3.36
5381,2.45
5382,2.11
5383,2.87
5384,3.29
5385,3.18
5386,2.68
5387,2.88
5388,2.8
5389,2.99
5390,3.73
5391,2.58
5392,2.31
5393,2.49
5394,2.34
5395,2.48
5396,2.19
5397,2.23
5398,2.07
5399,2.08
5400,2.8
5401,2.51
5402,2.13
5403,2.24
5404,2.6
5405,3.14
5406,2.49
5407,2.8
5408,2.15
5409,2.6
5410,2.44
5411,2.28
5412,2.48
5413,2.16
5414,2.13
5415,2.3
5416,2.3
5417,2.68
5418,2.21
5419,2.08
5420,2.41
5421,3.08
5422,2.95
5423,3.05
5424,3.95
5425,4.05
5426,4.59
5427,4.18
5428,3.8
5429,5.27
5430,4.23
5431,3.78
5432,3.16
5433,2.86
5434,2.85
5435,3.58
5436,5.58
5437,5.11
5438,3.41
5439,3.45
5440,3.67
5441,3.82
5442,3.7
5443,3.72
5444,3.28
5445,3.35
5446,3.53
5447,4.38
5448,3.98
5449,3.68
5450,4.17
5451,4.32
5452,4.17
5453,3.71
5454,3.81
5455,4.13
5456,4.34
5457,4.34
5458,4.02
5459,4.17
5460,3.98
5461,3.76
5462,3.77
5463,4
5464,3.91
5465,3.81
5466,3.98
5467,3.8
5468,3.58
5469,3.84
5470,4.05
5471,3.88
5472,3.96
5473,3.89
5474,4
5475,3.84
5476,3.74
5477,3.88
5478,4.19
5479,3.8
5480,3.88
5481,3.95
5482,3.92
5483,3.89
5484,3.87
5485,3.92
5486,4.03
5487,3.76
5488,3.73
5489,3.79
5490,3.91
5491,4.23
5492,3.98
5493,4.04
5494,3.95
5495,4.06
5496,3.98
5497,3.94
5498,4.2
5499,3.67
5500,3.78
5501,3.97
5502,3.75
5503,3.8
5504,3.81
5505,3.72
5506,4.18
5507,4.1
5508,4.05
5509,3.98
5510,3.83
5511,4.34
5512,4.32
5513,3.88
5514,3.07
5515,3.73
5516,3.73
5517,3.67
5518,3.78
5519,4.04
5520,4.09
5521,4.29
5522,4.09
5523,4.59
5524,4.03
5525,4.9
5526,5.05
5527,5.47
5528,3.7
5529,3.73
5530,3.91
5531,3.83
5532,3.57
5533,3.62
5534,3.61
5535,3.52
5536,3.61
5537,3.97
5538,4.14
5539,4.1
5540,4.01
5541,3.97
5542,3.71
5543,3.89
5544,3.82
5545,3.83
5546,3.75
5547,3.82
5548,4.18
5549,3.99
5550,3.88
5551,3.89
5552,3.98
5553,4.05
5554,4.06
5555,3.95
5556,4.03
5557,3.69
5558,3.82
5559,3.86
5560,3.85
5561,3.98
5562,3.86
5563,3.92
5564,3
5565,3.66
5566,3.98
5567,2.23
5568,2.78
5569,2.38
5570,3.44
5571,4.17
5572,5.47
5573,6.72
5574,4.84
5575,3.56
5576,3.38
5577,3.83
5578,4.91
5579,5.02
5580,5.27
5581,4.02
5582,4.42
5583,4.05
5584,4.63
5585,4.87
5586,4.4
5587,3.88
5588,3.94
5589,4.35
5590,4.3
5591,4.36
5592,4.27
5593,4.97
5594,5
5595,4.93
5596,4.5
5597,4.33
5598,4.55
5599,4.59
5600,4.59
5601,4.47
5602,4.5
5603,4.49
5604,4.69
5605,4.66
5606,4.99
5607,4.5
5608,4.73
5609,4.63
5610,4.66
5611,4.7
5612,4.77
5613,4.48
5614,4.74
5615,4.88
5616,5.41
5617,3.98
5618,3.61
5619,4.52
5620,5.15
5621,4.91
5622,4.07
5623,4.03
5624,4.56
5625,3.63
5626,3.81
5627,3.48
5628,3.55
5629,3.66
5630,3.8
5631,3.73
5632,4.05
5633,4.01
5634,3.85
5635,3.79
5636,4
5637,4.06
5638,4.14
5639,3.82
5640,4.36
5641,4.1
5642,3.88
5643,3.77
5644,3.87
5645,3.96
5646,4.05
5647,3.23
5648,3.77
5649,4.14
5650,4.31
5651,4.3
5652,3.72
5653,2.61
5654,2.13
5655,1.51
5656,1.2
5657,1.32
5658,1.5
5659,2.77
5660,3.31
5661,4.85
5662,4.07
5663,3.25
5664,3.65
5665,4.22
5666,2.92
5667,3.36
5668,2.69
5669,4.14
5670,4.95
5671,3.35
5672,3.66
5673,3.44
5674,3.52
5675,3.39
5676,3.54
5677,3.48
5678,3.49
5679,3.48
5680,3.62
5681,3.7
5682,3.92
5683,3.45
5684,3.35
5685,3.56
5686,3.63
5687,3.56
5688,3.21
5689,2.93
5690,2.84
5691,2.86
5692,3.61
5693,2.58
5694,3.72
5695,2.57
5696,2.31
5697,3.02
5698,2.63
5699,2.48
5700,2.86
5701,5.64
5702,5.05
5703,4.23
5704,3.75
5705,3.58
5706,3.54
5707,3.89
5708,3.83
5709,3.66
5710,3.63
5711,3.67
5712,3.85
5713,3.89
5714,4.01
5715,3.77
5716,3.96
5717,3.88
5718,3.8
5719,3.65
5720,3.74
5721,3.86
5722,3.77
5723,3.78
5724,3.88
5725,4.02
5726,3.95
5727,4.06
5728,3.8
5729,4.29
5730,3.76
5731,3.97
5732,5.26
5733,4.48
5734,3.98
5735,3.58
5736,3.33
5737,3.66
5738,3.77
5739,4.49
5740,4.02
5741,3.84
5742,3.79
5743,3.8
5744,4.41
5745,4.45
5746,3.84
5747,3.88
5748,3.9
5749,4.43
5750,3.85
5751,3.58
5752,3.71
5753,3.79
5754,3.89
5755,3.9
5756,3.57
5757,3.6
5758,3.71
5759,3.83
5760,3.8
5761,4.25
5762,3.93
5763,3.68
5764,3.62
5765,3.81
5766,3.98
5767,4.37
5768,3.7
5769,3.75
5770,3.75
5771,3.67
5772,3.91
5773,4.02
5774,3.91
5775,3.8
5776,3.92
5777,4.37
5778,4.03
5779,3.94
5780,3.73
5781,4
5782,3.96
5783,4.03
5784,4.18
5785,4.02
5786,4.06
5787,3.92
5788,3.84
5789,3.84
5790,4.17
5791,4.68
5792,4.36
5793,4.07
5794,3.83
5795,4.1
5796,4.19
5797,3.94
5798,3.87
5799,4.04
5800,4.09
5801,4.2
5802,3.48
5803,3.06
5804,3.62
5805,4.08
5806,4.09
5807,4.88
5808,3.8
5809,3.21
5810,3.88
5811,3.56
5812,3.27
5813,3.42
5814,3.73
5815,4.29
5816,3.39
5817,2.67
5818,2.46
5819,2.28
5820,2.29
5821,2.8
5822,3.96
5823,4.77
5824,4.83
5825,3.84
5826,3.63
5827,3.61
5828,3.84
5829,3.77
5830,3.8
5831,3.77
5832,3.91
5833,4.02
5834,4
5835,4.06
5836,3.95
5837,3.9
5838,3.86
5839,4.06
5840,4.04
5841,4.33
5842,3.85
5843,3.8
5844,3.83
5845,3.84
5846,3.93
5847,3.52
5848,3.7
5849,3.8
5850,3.78
5851,3.91
5852,3.74
5853,3.88
5854,4.09
5855,4.01
5856,4.05
5857,4.12
5858,4.09
5859,3.97
5860,4.24
5861,3.89
5862,4.02
5863,3.78
5864,4.78
5865,4.01
5866,3.82
5867,3.78
5868,3.71
5869,4.18
5870,3.94
5871,3.75
5872,3.7
5873,3.88
5874,3.95
5875,4.22
5876,3.88
5877,3.93
5878,3.93
5879,4.06
5880,3.78
5881,3.84
5882,3.93
5883,3.87
5884,3.97
5885,3.71
5886,3.98
5887,4.28
5888,3.55
5889,4.02
5890,4.05
5891,4.39
5892,3.75
5893,3.72
5894,3.72
5895,3.28
5896,2.88
5897,2.3
5898,2.24
5899,3.3
5900,2.65
5901,4.48
5902,4.59
5903,4.41
5904,3.18
5905,4.79
5906,4.69
5907,3.54
5908,3.72
5909,3.88
5910,4.14
5911,4.03
5912,4.23
5913,3.72
5914,3.8
5915,3.8
5916,3.84
5917,4.14
5918,3.91
5919,3.71
5920,3.9
5921,3.98
5922,3.88
5923,3.8
5924,3.73
5925,3.75
5926,3.75
5927,3.82
5928,3.89
5929,4.22
5930,3.99
5931,3.77
5932,3.81
5933,3.88
5934,3.75
5935,3.95
5936,3.64
5937,3.7
5938,3.8
5939,3.73
5940,3.87
5941,3.71
5942,4.3
5943,3.98
5944,4.1
5945,3.86
5946,4.09
5947,3.97
5948,3.98
5949,4.09
5950,4.9
5951,3.82
5952,3.98
5953,3.97
5954,3.89
5955,4.16
5956,3.98
5957,4.13
5958,4.04
5959,3.95
5960,3.32
5961,3.27
5962,4.25
5963,4.03
5964,4.81
5965,4.27
5966,3.65
5967,2.6
5968,2.46
5969,2.41
5970,2.13
5971,2
5972,1.81
5973,1.98
5974,2.93
5975,2.55
5976,2.49
5977,1.63
5978,0.76
5979,0.75
5980,0.84
5981,0.82
5982,0.79
5983,0.83
5984,0.92
5985,0.77
5986,0.79
5987,0.74
5988,0.69
5989,0.72
5990,0.7
5991,0.7
5992,0.64
5993,0.72
5994,0.73
5995,0.7
5996,0.65
5997,0.7
5998,0.76
5999,0.72
6000,0.73
6001,0.81
6002,0.69
6003,0.74
6004,0.69
6005,0.63
6006,0.67
6007,0.74
6008,0.68
6009,0.78
6010,0.68
6011,0.69
6012,0.76
6013,0.7
6014,0.7
6015,0.75
6016,0.9
6017,0.74
6018,0.67
6019,0.59
6020,0.69
6021,0.66
6022,0.61
6023,0.68
6024,0.71
6025,0.69
6026,0.74
6027,0.68
6028,0.7
6029,0.78
6030,0.74
6031,0.75
6032,0.99
6033,1.47
6034,3.32
6035,2.93
6036,3.05
6037,2.95
6038,4.3
6039,4.53
6040,5.18
6041,5.42
6042,3.38
6043,2.94
6044,3.4
6045,3.84
6046,4.71
6047,3.66
6048,3.66
6049,3.55
6050,3.5
6051,3.95
6052,3.83
6053,3.59
6054,3.69
6055,3.6
6056,3.46
6057,3.99
6058,3.87
6059,3.88
6060,3.59
6061,3.55
6062,3.85
6063,3.77
6064,3.23
6065,3.8
6066,3.46
6067,3.95
6068,3.96
6069,4.19
6070,4.02
6071,4.46
6072,5.13
6073,4.42
6074,4.27
6075,4.04
6076,3.7
6077,3.7
6078,3.78
6079,4.29
6080,3.77
6081,3.79
6082,3.98
6083,4.08
6084,3.85
6085,3.84
6086,3.8
6087,3.77
6088,3.91
6089,3.8
6090,3.91
6091,3.99
6092,3.83
6093,4.22
6094,3.97
6095,3.91
6096,3.81
6097,3.74
6098,3.74
6099,3.96
6100,4.03
6101,4.18
6102,3.73
6103,3.88
6104,4.13
6105,4.23
6106,3.84
6107,3.88
6108,3.95
6109,3.85
6110,4.3
6111,3.45
6112,3.59
6113,4.64
6114,3.81
6115,4.34
6116,3.95
6117,3.8
6118,3.14
6119,3.04
6120,3.55
6121,4.41
6122,4.93
6123,4.79
6124,3.95
6125,3.38
6126,3.27
6127,3.16
6128,4.2
6129,4.13
6130,5.6
6131,4.86
6132,4.02
6133,4.05
6134,3.7
6135,3.85
6136,4
6137,4.28
6138,4.47
6139,4.16
6140,4.57
6141,5.18
6142,4.66
6143,3.59
6144,3.74
6145,3.91
6146,3.95
6147,4.56
6148,4.34
6149,4.28
6150,4.12
6151,4.71
6152,4.04
6153,4.72
6154,5.02
6155,4.12
6156,3.7
6157,3.54
6158,3.7
6159,3.7
6160,4.05
6161,3.87
6162,4.23
6163,3.76
6164,3.7
6165,3.78
6166,4.05
6167,3.64
6168,3.91
6169,3.98
6170,3.95
6171,3.88
6172,3.94
6173,4.21
6174,3.68
6175,3.78
6176,3.89
6177,3.84
6178,4.08
6179,3.85
6180,3.89
6181,3.83
6182,3.74
6183,3.88
6184,4.18
6185,3.93
6186,4.38
6187,4.36
6188,4.59
6189,4.27
6190,3.25
6191,2.63
6192,2.38
6193,2.45
6194,2.57
6195,2.62
6196,2.55
6197,2.97
6198,2.78
6199,3.78
6200,3.9
6201,3.7
6202,4.11
6203,4.22
6204,3.9
6205,3.8
6206,3.77
6207,4.02
6208,3.95
6209,3.95
6210,3.76
6211,3.94
6212,3.88
6213,3.82
6214,4.02
6215,3.9
6216,4.11
6217,4.23
6218,4.02
6219,4.05
6220,3.91
6221,4.06
6222,4.02
6223,3.9
6224,4.25
6225,4.27
6226,3.92
6227,3.79
6228,3.87
6229,3.97
6230,4.41
6231,3.91
6232,3.76
6233,3.91
6234,3.8
6235,3.98
6236,3.8
6237,4.52
6238,4.1
6239,3.89
6240,3.3
6241,3.86
6242,4.48
6243,4.08
6244,4.45
6245,4.38
6246,4.38
6247,3.77
6248,3.77
6249,3.91
6250,3.98
6251,4.27
6252,4.17
6253,4.11
6254,4.73
6255,3.88
6256,4.03
6257,3.98
6258,4.02
6259,4.02
6260,4.06
6261,4.05
6262,3.91
6263,4.12
6264,4.12
6265,3.88
6266,4.02
6267,3.97
6268,3.98
6269,4.38
6270,3.96
6271,3.94
6272,3.99
6273,4.12
6274,3.98
6275,4
6276,3.98
6277,3.9
6278,3.91
6279,3.78
6280,3.92
6281,4.16
6282,3.55
6283,3.23
6284,3.13
6285,3.07
6286,3.31
6287,3.82
6288,4.41
6289,4.02
6290,4.16
6291,4.46
6292,4.09
6293,2.94
6294,3.03
6295,4.04
6296,3.02
6297,2.09
6298,2.8
6299,4.02
6300,4.8
6301,3.12
6302,1.97
6303,2.85
6304,2.35
6305,2.35
6306,3.1
6307,3.99
6308,4.45
6309,4.55
6310,5.01
6311,3.73
6312,3.81
6313,3.77
6314,3.61
6315,3.52
6316,3.84
6317,3.99
6318,3.99
6319,4.15
6320,4.23
6321,3.99
6322,3.92
6323,3.77
6324,3.95
6325,3.96
6326,3.91
6327,4.08
6328,3.77
6329,3.81
6330,3.79
6331,4.02
6332,4.13
6333,4.02
6334,4.21
6335,3.85
6336,3.88
6337,4.23
6338,4.27
6339,4.22
6340,4.01
6341,3.95
6342,4.02
6343,4.34
6344,3.98
6345,4.18
6346,4.02
6347,3.98
6348,4.14
6349,4.07
6350,3.95
6351,3.95
6352,4.24
6353,3.93
6354,3.94
6355,3.82
6356,3.99
6357,4.3
6358,3.79
6359,3.91
6360,4.12
6361,4.12
6362,3.95
6363,4.17
6364,3.99
6365,4.27
6366,3.97
6367,3.95
6368,4.31
6369,3.91
6370,3.94
6371,3.91
6372,4.09
6373,4.14
6374,3.7
6375,3.02
6376,3.27
6377,3.05
6378,2.93
6379,2.82
6380,2.75
6381,2.66
6382,4.07
6383,5.15
6384,4.77
6385,4.28
6386,4.09
6387,4.12
6388,4.01
6389,3.91
6390,4.5
6391,4.45
6392,3.78
6393,4.08
6394,4.05
6395,3.88
6396,3.75
6397,3.8
6398,3.91
6399,4.2
6400,3.99
6401,3.8
6402,3.92
6403,3.77
6404,3.89
6405,4.13
6406,4.44
6407,4.19
6408,3.77
6409,3.34
6410,4.76
6411,4.99
6412,5.03
6413,5.09
6414,4.25
6415,3.3
6416,4.22
6417,4
6418,4.16
6419,3.9
6420,4.09
6421,3.76
6422,3.82
6423,3.91
6424,4.03
6425,4.07
6426,3.94
6427,3.84
6428,3.83
6429,3.92
6430,4.15
6431,4.15
6432,4.02
6433,4.16
6434,3.88
6435,3.93
6436,4.67
6437,4.3
6438,4.97
6439,5.23
6440,4.72
6441,3.91
6442,3.8
6443,3.99
6444,4.2
6445,4.06
6446,3.95
6447,3.85
6448,3.8
6449,4.09
6450,4.03
6451,4.23
6452,3.97
6453,4
6454,3.9
6455,4.13
6456,3.91
6457,3.91
6458,4.01
6459,3.84
6460,3.88
6461,3.95
6462,3.93
6463,3.97
6464,3.98
6465,3.88
6466,3.87
6467,3.84
6468,3.9
6469,3.97
6470,3.88
6471,3.88
6472,3.81
6473,3.9
6474,3.54
6475,3.36
6476,3.8
6477,4.09
6478,3.98
6479,4.38
6480,4.41
6481,3.85
6482,3.87
6483,3.62
6484,3.99
6485,4.14
6486,4.15
6487,3.84
6488,4.01
6489,4.09
6490,4.37
6491,4.27
6492,3.85
6493,4.75
6494,4.43
6495,3.77
6496,3.91
6497,3.93
6498,4.06
6499,3.76
6500,3.93
6501,3.83
6502,4.04
6503,3.96
6504,3.98
6505,4.01
6506,3.55
6507,3.3
6508,3.05
6509,3.16
6510,4.09
6511,3.17
6512,2.98
6513,2.52
6514,2.25
6515,2.41
6516,2.26
6517,2.3
6518,4
6519,5.17
6520,5.37
6521,3.32
6522,3.7
6523,3.77
6524,4.26
6525,3.8
6526,3.89
6527,3.97
6528,4.13
6529,4.12
6530,4.02
6531,4.06
6532,3.86
6533,3.94
6534,4.2
6535,4.2
6536,3.93
6537,4.09
6538,4.09
6539,4.12
6540,4.25
6541,3.95
6542,4
6543,3.87
6544,4.13
6545,4.25
6546,4.07
6547,4.05
6548,3.98
6549,4.04
6550,4.11
6551,4.33
6552,4.09
6553,3.92
6554,3.98
6555,4.25
6556,3.98
6557,4.1
6558,4.09
6559,4.37
6560,3.62
6561,3.51
6562,2.59
6563,2.68
6564,3.24
6565,3.64
6566,2.61
6567,3.64
6568,4.27
6569,4.68
6570,4.44
6571,3.4
6572,4.13
6573,4.41
6574,4.05
6575,4.01
6576,3.99
6577,3.99
6578,3.84
6579,4.5
6580,4.75
6581,3.92
6582,4.02
6583,3.81
6584,4.01
6585,4.77
6586,4.03
6587,4.06
6588,3.82
6589,3.87
6590,3.8
6591,3.82
6592,4.14
6593,4.09
6594,4.26
6595,3.94
6596,3.99
6597,3.94
6598,3.78
6599,4.22
6600,3.32
6601,3.63
6602,5.19
6603,4.91
6604,4.63
6605,4.39
6606,4.13
6607,4.52
6608,3.63
6609,3.93
6610,4.17
6611,3.94
6612,3.95
6613,4.13
6614,3.98
6615,3.89
6616,4.04
6617,4.01
6618,4.31
6619,3.85
6620,3.91
6621,3.98
6622,3.84
6623,3.66
6624,3.89
6625,4.02
6626,4.19
6627,4.08
6628,4.11
6629,4.16
6630,4.07
6631,3.6
6632,4.04
6633,4.31
6634,4.2
6635,4.12
6636,4.13
6637,3.9
6638,4.05
6639,4.19
6640,4.28
6641,3.88
6642,4.03
6643,3.85
6644,4.19
6645,5.15
6646,3.71
6647,3.91
6648,4.34
6649,3.98
6650,4.54
6651,4.52
6652,4.89
6653,3.7
6654,3.83
6655,4.02
6656,4.04
6657,4.03
6658,3.98
6659,3.94
6660,3.8
6661,4.08
6662,4.01
6663,4.05
6664,3.95
6665,4.09
6666,4.39
6667,4
6668,4.03
6669,3.91
6670,4.01
6671,4.31
6672,4.16
6673,3.84
6674,4.15
6675,4.05
6676,3.98
6677,4.3
6678,4.03
6679,4.16
6680,4.47
6681,4.3
6682,4.17
6683,3.96
6684,4.02
6685,3.96
6686,3.88
6687,3.91
6688,3.84
6689,3.96
6690,4.09
6691,4.5
6692,3.92
6693,4.05
6694,4.11
6695,4.11
6696,5.04
6697,4.12
6698,4.2
6699,4.16
6700,3.95
6701,4.44
6702,4.23
6703,4.14
6704,4.14
6705,4.27
6706,3.86
6707,4.02
6708,4.13
6709,4.01
6710,4.11
6711,3.99
6712,4.04
6713,3.42
6714,3.33
6715,4.38
6716,3.52
6717,4.26
6718,4.16
6719,4.29
6720,4.51
6721,4.41
6722,4.33
6723,2.58
6724,2.27
6725,2.33
6726,2.24
6727,2.56
6728,2.34
6729,2.38
6730,2.28
6731,2.09
6732,1.88
6733,2.23
6734,2.02
6735,2.55
6736,2.94
6737,4.49
6738,4.3
6739,4.67
6740,3.1
6741,2.2
6742,2.56
6743,2.2
6744,2.24
6745,2.31
6746,2.28
6747,3.26
6748,3.13
6749,4.54
6750,3.64
6751,4.4
6752,4.52
6753,5.08
6754,4.7
6755,3.81
6756,3.81
6757,3.85
6758,3.84
6759,4.02
6760,4.87
6761,4.73
6762,3.97
6763,4.08
6764,3.79
6765,4.2
6766,3.68
6767,3.93
6768,3.93
6769,3.93
6770,3.91
6771,3.98
6772,4.11
6773,4.39
6774,4.12
6775,4.04
6776,3.92
6777,4.02
6778,4
6779,3.97
6780,4.04
6781,3.96
6782,3.95
6783,4.33
6784,4.09
6785,3.94
6786,3.7
6787,3.89
6788,3.84
6789,3.95
6790,4.17
6791,4.09
6792,3.83
6793,3.91
6794,3.84
6795,3.75
6796,4.18
6797,4.19
6798,4.13
6799,4.05
6800,4.32
6801,3.95
6802,3.96
6803,3.97
6804,4.3
6805,4.13
6806,4.04
6807,4.18
6808,4.49
6809,4.62
6810,4.01
6811,4.02
6812,3.91
6813,4.22
6814,3.73
6815,4.04
6816,3.98
6817,4.03
6818,4.04
6819,4.26
6820,3.95
6821,3.83
6822,3.66
6823,4.14
6824,3.82
6825,4.19
6826,4.32
6827,3.88
6828,3.87
6829,3.9
6830,3.84
6831,4.36
6832,4.03
6833,4.09
6834,3.99
6835,4
6836,3.31
6837,3.29
6838,3.38
6839,4.29
6840,4.55
6841,4.45
6842,3.99
6843,4.92
6844,3.77
6845,3.31
6846,3.5
6847,3.73
6848,3.95
6849,4.01
6850,4.05
6851,3.9
6852,3.95
6853,3.88
6854,3.9
6855,3.85
6856,4.01
6857,4.25
6858,3.88
6859,4.3
6860,4.2
6861,5.23
6862,4.59
6863,4.52
6864,4.02
6865,3.88
6866,4.3
6867,4.31
6868,4.66
6869,4.9
6870,4.98
6871,4.2
6872,3.95
6873,3.98
6874,4.05
6875,4.02
6876,3.95
6877,4.22
6878,4.16
6879,4.37
6880,4.08
6881,4.05
6882,4.02
6883,4.23
6884,4.48
6885,4.03
6886,3.95
6887,4.04
6888,4.08
6889,4.12
6890,4.19
6891,4.25
6892,4.16
6893,4.05
6894,4
6895,4.13
6896,4.12
6897,4.18
6898,4.12
6899,4.05
6900,3.99
6901,3.82
6902,3.7
6903,3.8
6904,3.96
6905,4.05
6906,4.13
6907,3.83
6908,4.29
6909,4.12
6910,4.23
6911,3.89
6912,3.81
6913,4.51
6914,3.9
6915,3.77
6916,3.99
6917,4.29
6918,4.69
6919,4.05
6920,4.27
6921,4.16
6922,3.85
6923,4.12
6924,4.38
6925,4.53
6926,4.13
6927,4.08
6928,3.93
6929,4.35
6930,4.09
6931,4.11
6932,4.11
6933,3.79
6934,3.74
6935,3.23
6936,3.63
6937,3.72
6938,3.32
6939,2.81
6940,2.63
6941,3.8
6942,4.52
6943,3.93
6944,4.77
6945,5.38
6946,4.34
6947,3.63
6948,3.71
6949,3.77
6950,3.8
6951,3.83
6952,3.86
6953,3.54
6954,3.12
6955,3.3
6956,4.32
6957,3.97
6958,4.69
6959,4.65
6960,4.13
6961,3.34
6962,3.73
6963,3.8
6964,3.47
6965,3.72
6966,3.66
6967,3.11
6968,4.06
6969,4.05
6970,4.66
6971,3.76
6972,3.98
6973,3.8
6974,3.93
6975,4.02
6976,4.41
6977,3.76
6978,3.49
6979,3.73
6980,3.8
6981,3.31
6982,3.27
6983,4.5
6984,4.51
6985,5.2
6986,4.7
6987,3.59
6988,4.23
6989,3.28
6990,4.23
6991,3.49
6992,3.76
6993,3.95
6994,3.93
6995,4.41
6996,4.23
6997,4.22
6998,3.83
6999,3.76
7000,3.82
7001,3.3
7002,3.38
7003,2.93
7004,3.13
7005,2.97
7006,3.15
7007,2.66
7008,3.23
7009,4.44
7010,4.66
7011,5.2
7012,4.49
7013,3.9
7014,3.77
7015,2.95
7016,4.12
7017,4.85
7018,4.01
7019,3.8
7020,4
7021,4.45
7022,5.14
7023,3.88
7024,3.7
7025,3.76
7026,3.76
7027,4.31
7028,3.98
7029,4.27
7030,4.45
7031,4.19
7032,4.59
7033,3.91
7034,4.18
7035,4.43
7036,4.2
7037,4.16
7038,4.12
7039,4.12
7040,4.01
7041,4.16
7042,4.11
7043,3.34
7044,3.6
7045,4.38
7046,4.75
7047,4.52
7048,4.28
7049,3.97
7050,3.49
7051,4.03
7052,3.76
7053,4.28
7054,3.94
7055,3.94
7056,4.02
7057,4.16
7058,4.09
7059,3.97
7060,4.24
7061,5.02
7062,4.01
7063,4.09
7064,3.87
7065,4.12
7066,4.1
7067,3.99
7068,4.13
7069,3.66
7070,3.98
7071,4.31
7072,4.38
7073,4.04
7074,3.91
7075,3.94
7076,3.71
7077,4.7
7078,4.05
7079,3.86
7080,3.87
7081,4.18
7082,4.7
7083,4.07
7084,4.23
7085,4.2
7086,4.44
7087,4.5
7088,4.1
7089,4.15
7090,3.94
7091,3.88
7092,3.75
7093,4.1
7094,3.71
7095,4.16
7096,4.15
7097,3.95
7098,3.45
7099,3.56
7100,2.77
7101,3.36
7102,2.91
7103,2.91
7104,2.52
7105,3.68
7106,4.61
7107,5.4
7108,4.88
7109,3.95
7110,5.23
7111,4.41
7112,3.81
7113,4.01
7114,4.17
7115,4.13
7116,4.34
7117,3.89
7118,3.94
7119,4.01
7120,3.88
7121,4.07
7122,4.08
7123,3.86
7124,3.97
7125,3.73
7126,3.77
7127,3.89
7128,4.15
7129,4.64
7130,4.26
7131,4.08
7132,4.04
7133,4.13
7134,4.77
7135,4.28
7136,3.92
7137,4.12
7138,4.3
7139,4.28
7140,4.05
7141,3.9
7142,4.06
7143,4.16
7144,3.85
7145,3.84
7146,3.88
7147,3.39
7148,3.42
7149,4.52
7150,4.56
7151,4.97
7152,4.16
7153,4.11
7154,3.9
7155,3.92
7156,3.91
7157,4.09
7158,4.02
7159,4.16
7160,4.11
7161,4.12
7162,4.59
7163,4.94
7164,3.95
7165,3.96
7166,3.83
7167,4.09
7168,4.03
7169,4.02
7170,3.88
7171,4.08
7172,4.03
7173,4.18
7174,3.92
7175,3.9
7176,3.92
7177,3.87
7178,4.18
7179,3.91
7180,3.8
7181,4.14
7182,3.76
7183,3.55
7184,4.33
7185,4.27
7186,4.78
7187,4.52
7188,4.26
7189,3.46
7190,3.13
7191,3.37
7192,3.75
7193,5.17
7194,3.96
7195,3.97
7196,4.12
7197,5.11
7198,4.34
7199,3.88
7200,4.17
7201,4.1
7202,4.03
7203,4.24
7204,3.95
7205,4.13
7206,4.19
7207,4.02
7208,4.03
7209,4.02
7210,4
7211,3.73
7212,3.83
7213,3.52
7214,3.95
7215,2.77
7216,2.69
7217,2.42
7218,2.59
7219,4.2
7220,2.59
7221,3.26
7222,4.3
7223,4.93
7224,4.82
7225,3.9
7226,3.05
7227,4.1
7228,3.73
7229,4.16
7230,4.23
7231,4.2
7232,4.23
7233,4.04
7234,4.13
7235,4.13
7236,3.93
7237,3.87
7238,4.14
7239,3.83
7240,4.08
7241,4.14
7242,3.82
7243,3.91
7244,4.75
7245,4.26
7246,3.86
7247,3.79
7248,3.95
7249,5.24
7250,4.35
7251,4.15
7252,4.09
7253,4.6
7254,4.73
7255,4.48
7256,4.28
7257,4.04
7258,4.15
7259,4.12
7260,4.13
7261,4.3
7262,3.95
7263,4.01
7264,4.23
7265,4.14
7266,4.05
7267,4.23
7268,3.38
7269,3.3
7270,3.8
7271,2.81
7272,2.7
7273,2.66
7274,2.7
7275,2.44
7276,3.55
7277,4.84
7278,4.87
7279,4.94
7280,4.45
7281,4.06
7282,4.08
7283,4.18
7284,4.29
7285,4.65
7286,5.3
7287,4.53
7288,4.12
7289,4.17
7290,4.05
7291,4.16
7292,4.31
7293,4.34
7294,4.04
7295,4.15
7296,4.16
7297,4.29
7298,3.65
7299,4.12
7300,3.82
7301,4.26
7302,3.88
7303,4.14
7304,4.38
7305,4.57
7306,4.38
7307,4.2
7308,4.24
7309,4.2
7310,4.18
7311,4.16
7312,4.04
7313,3.88
7314,4.04
7315,3.98
7316,3.84
7317,4.42
7318,4.38
7319,4.34
7320,3.9
7321,3.39
7322,4.45
7323,4.45
7324,4.27
7325,4.22
7326,3.88
7327,4.41
7328,4.66
7329,4.26
7330,4.05
7331,4.45
7332,4.18
7333,4.89
7334,4.31
7335,4.22
7336,4.57
7337,3.66
7338,4.86
7339,5.43
7340,4.25
7341,3.95
7342,4.03
7343,3.93
7344,4.45
7345,4.44
7346,4.34
7347,4.4
7348,4.12
7349,4.48
7350,4.46
7351,4.71
7352,4.18
7353,4.18
7354,4.21
7355,4.06
7356,4.1
7357,4.38
7358,4.52
7359,4.11
7360,3.97
7361,4.23
7362,4.54
7363,3.48
7364,4.42
7365,4.28
7366,4.49
7367,4.37
7368,4.82
7369,4.66
7370,3.95
7371,3.99
7372,4.57
7373,4.55
7374,4.07
7375,4.07
7376,4.28
7377,4.12
7378,4.18
7379,4.09
7380,4.09
7381,4.19
7382,3.96
7383,3.88
7384,4.09
7385,4.05
7386,3.98
7387,3.26
7388,4.07
7389,4.45
7390,4.67
7391,4.42
7392,4.35
7393,4.52
7394,3.98
7395,3.8
7396,4
7397,3.98
7398,3.95
7399,4.23
7400,4.13
7401,4.12
7402,3.98
7403,4.11
7404,3.94
7405,3.91
7406,3.89
7407,3.92
7408,3.82
7409,3.9
7410,3.8
7411,3.75
7412,4.03
7413,4.6
7414,4.29
7415,4.19
7416,4.3
7417,4.13
7418,4.97
7419,4.28
7420,4.34
7421,4.41
7422,4.47
7423,4.8
7424,4.57
7425,4.38
7426,4.34
7427,4.07
7428,4.07
7429,4.16
7430,4.08
7431,4.05
7432,4.16
7433,4.07
7434,4.07
7435,4.49
7436,4.31
7437,3.77
7438,2.66
7439,3.56
7440,3.22
7441,3.41
7442,3.13
7443,4.05
7444,4.65
7445,4.27
7446,4.72
7447,4.74
7448,4.76
7449,3.64
7450,2.28
7451,2.5
7452,2.26
7453,2.3
7454,2.27
7455,2.45
7456,2.25
7457,4.31
7458,4.44
7459,5.5
7460,3.96
7461,3.84
7462,3.7
7463,3.97
7464,3.98
7465,3.97
7466,3.89
7467,4.02
7468,4.05
7469,4.05
7470,4.1
7471,4.33
7472,4.08
7473,4.26
7474,4.3
7475,4.64
7476,4.46
7477,4.2
7478,4.22
7479,4.88
7480,4.43
7481,4.09
7482,4.14
7483,4.14
7484,4.44
7485,4.08
7486,4.01
7487,4.3
7488,4.3
7489,4.34
7490,4.28
7491,4.09
7492,4.27
7493,4.1
7494,4.19
7495,4.19
7496,4.11
7497,4.14
7498,4.26
7499,3.99
7500,4.12
7501,4.59
7502,4.34
7503,4.59
7504,4.32
7505,5.61
7506,3.96
7507,3.92
7508,3.92
7509,4.18
7510,4.02
7511,4.06
7512,4.1
7513,4.09
7514,3.98
7515,4.14
7516,4.17
7517,3.52
7518,3.42
7519,3.63
7520,3.91
7521,4.32
7522,4.54
7523,4.1
7524,3.59
7525,3.28
7526,3.34
7527,3.76
7528,5.25
7529,4.55
7530,4.28
7531,3.93
7532,4.03
7533,4.23
7534,4.04
7535,4.04
7536,4.55
7537,5.31
7538,4.57
7539,3.77
7540,3.59
7541,4.76
7542,4.74
7543,4.33
7544,4.32
7545,4.02
7546,4.01
7547,4.66
7548,4.52
7549,3.88
7550,3.79
7551,3.92
7552,4.06
7553,3.7
7554,3.3
7555,4.25
7556,4.18
7557,4.1
7558,4.96
7559,4.27
7560,3.48
7561,4.49
7562,3.58
7563,3.85
7564,4.07
7565,3.63
7566,3.84
7567,4.36
7568,4.02
7569,5.21
7570,4.72
7571,3.94
7572,3.96
7573,3.69
7574,3.86
7575,3.6
7576,3.63
7577,3.68
7578,4.16
7579,4.05
7580,4.64
7581,3.89
7582,3.95
7583,4.09
7584,3.98
7585,4.8
7586,3.95
7587,4.01
7588,3.99
7589,4.21
7590,4.15
7591,4.82
7592,3.88
7593,3.83
7594,3.79
7595,3.87
7596,3.64
7597,3.13
7598,3.62
7599,3.79
7600,4
7601,3.78
7602,4.27
7603,3.09
7604,4.09
7605,4.05
7606,2.54
7607,2.87
7608,2.71
7609,2.17
7610,2.66
7611,2.85
7612,6.16
7613,5.83
7614,4.96
7615,3.81
7616,3.69
7617,3.55
7618,3.91
7619,4.02
7620,4.02
7621,4.6
7622,3.95
7623,4.09
7624,4.15
7625,4.64
7626,4.8
7627,4.07
7628,4.17
7629,4.26
7630,4.36
7631,4.28
7632,4.3
7633,4.26
7634,4.39
7635,4.2
7636,4.04
7637,4.16
7638,4.11
7639,4.47
7640,4.22
7641,4.13
7642,4.01
7643,4.3
7644,3.97
7645,4.06
7646,4.05
7647,4.23
7648,4.09
7649,3.99
7650,3.98
7651,4.4
7652,4.31
7653,4.05
7654,4.45
7655,4.69
7656,3.93
7657,4.36
7658,4.05
7659,4.32
7660,3.95
7661,4.1
7662,4.18
7663,4.05
7664,4.39
7665,3.98
7666,4.15
7667,4.07
7668,4.03
7669,4.38
7670,4.26
7671,4.21
7672,4.19
7673,4.32
7674,4.27
7675,4.44
7676,4.32
7677,4.34
7678,5.08
7679,4.46
7680,4.48
7681,4.44
7682,4.45
7683,4.43
7684,4.37
7685,4.35
7686,4.48
7687,5.45
7688,5.13
7689,4.3
7690,3.86
7691,2.91
7692,2.96
7693,3.05
7694,2.8
7695,2.58
7696,2.45
7697,3.89
7698,4.26
7699,4.95
7700,5.27
7701,4.9
7702,4.34
7703,4.13
7704,4.38
7705,4.87
7706,4.86
7707,4.83
7708,4.71
7709,4.41
7710,4.16
7711,4.12
7712,3.44
7713,4.02
7714,3.96
7715,3.89
7716,3.8
7717,3.89
7718,4.24
7719,4.38
7720,4.05
7721,4.09
7722,4.2
7723,4.63
7724,4.56
7725,4.01
7726,4.28
7727,4.2
7728,4.3
7729,3.91
7730,4.19
7731,4.27
7732,4.15
7733,4.3
7734,4.3
7735,4.18
7736,4.29
7737,4.23
7738,4.09
7739,4.4
7740,4.24
7741,4.22
7742,4.25
7743,4.08
7744,4.18
7745,4.12
7746,4.04
7747,4.11
7748,4.41
7749,4.55
7750,4.59
7751,4.24
7752,4.15
7753,4.22
7754,4.91
7755,4.43
7756,4.15
7757,4.31
7758,4.2
7759,4.63
7760,4.2
7761,4.36
7762,4.25
7763,4.09
7764,3.77
7765,3.54
7766,4.27
7767,4.2
7768,3.9
7769,3.89
7770,4.14
7771,4.54
7772,4.03
7773,4.02
7774,3.95
7775,4
7776,4.39
7777,4.28
7778,4.02
7779,4.16
7780,4.29
7781,4.05
7782,3.72
7783,2.63
7784,2.81
7785,3.05
7786,5.45
7787,4.84
7788,4.21
7789,3.5
7790,3.03
7791,4.17
7792,4.12
7793,3.98
7794,3.91
7795,3.98
7796,4.13
7797,4.05
7798,4.68
7799,4.05
7800,3.89
7801,3.97
7802,4.18
7803,4.3
7804,4
7805,4.14
7806,4.27
7807,4.13
7808,5.45
7809,4.3
7810,4.05
7811,4.09
7812,4.08
7813,4.32
7814,4.07
7815,4.15
7816,4.34
7817,4
7818,4.14
7819,4.15
7820,3.98
7821,3.95
7822,3.99
7823,4.23
7824,4.36
7825,4.18
7826,4.27
7827,4.14
7828,4.27
7829,4
7830,4.13
7831,4.05
7832,4.23
7833,4.35
7834,4.51
7835,4.24
7836,4.63
7837,4.73
7838,4.35
7839,5.04
7840,4.02
7841,3.92
7842,4.15
7843,4
7844,4.03
7845,3.98
7846,3.89
7847,4.08
7848,4.36
7849,4.42
7850,4.2
7851,3.98
7852,4.09
7853,4.23
7854,4.17
7855,4.02
7856,4.16
7857,3.8
7858,3.27
7859,3.26
7860,3.8
7861,3.34
7862,2.46
7863,2.45
7864,2.48
7865,3.2
7866,3.23
7867,3.45
7868,3.02
7869,2.91
7870,3.17
7871,4.83
7872,3.95
7873,3.44
7874,4.43
7875,4.43
7876,4.65
7877,3.96
7878,4.34
7879,4.11
7880,4.13
7881,4.55
7882,5.41
7883,4.98
7884,4.16
7885,3.95
7886,3.98
7887,3.63
7888,3.55
7889,3.78
7890,4.19
7891,4.3
7892,4.01
7893,2.91
7894,2.76
7895,3.23
7896,2.98
7897,3.13
7898,3.26
7899,3.13
7900,3.2
7901,2.84
7902,2.81
7903,2.93
7904,3.06
7905,2.69
7906,2.87
7907,2.8
7908,2.78
7909,2.83
7910,2.91
7911,2.91
7912,2.77
7913,2.78
7914,2.88
7915,2.68
7916,3.34
7917,2.84
7918,2.27
7919,1.73
7920,2.71
7921,3.84
7922,3.74
7923,2.63
7924,2.36
7925,2.11
7926,2.81
7927,2.25
7928,2.3
7929,2.2
7930,2.2
7931,2.27
7932,2.23
7933,2.2
7934,2.26
7935,2.26
7936,2.28
7937,2.27
7938,2.21
7939,2.26
7940,2.48
7941,2.12
7942,2.01
7943,1.89
7944,1.91
7945,2.03
7946,1.95
7947,1.97
7948,2.83
7949,1.99
7950,1.97
7951,1.93
7952,1.2
7953,0.53
7954,0.53
7955,1.98
7956,1.27
7957,1.04
7958,1.04
7959,1.3
7960,1.85
7961,1.8
7962,1.87
7963,1.87
7964,2.29
7965,1.79
7966,1.85
7967,1.82
7968,1.83
7969,2.52
7970,1.85
7971,3.01
7972,2.17
7973,1.88
7974,2.07
7975,1.86
7976,2.41
7977,3.02
7978,3.75
7979,3.77
7980,4.61
7981,5.08
7982,4.8
7983,5.35
7984,6.77
7985,5.79
7986,3.92
7987,4.11
7988,4.27
7989,4.15
7990,4.78
7991,4.01
7992,4.91
7993,5.05
7994,4.57
7995,4.69
7996,4.7
7997,4.83
7998,4.68
7999,4.39
8000,4.82
8001,4.51
8002,4.38
8003,4.34
8004,4.44
8005,4.09
8006,4.41
8007,4.3
8008,4.15
8009,3.84
8010,3.39
8011,3.96
8012,3.84
8013,4.34
8014,4.63
8015,4.57
8016,4.43
8017,4.23
8018,4.34
8019,4.38
8020,4.38
8021,4.48
8022,4.36
8023,4.59
8024,4.55
8025,4.35
8026,4.84
8027,4.38
8028,4.45
8029,4.34
8030,4.51
8031,5.68
8032,4.27
8033,4.33
8034,4.59
8035,4.34
8036,4.3
8037,4.56
8038,4.96
8039,5.02
8040,4.47
8041,4.49
8042,4.43
8043,4.17
8044,4.48
8045,4.52
8046,4.62
8047,4.9
8048,4.79
8049,4.96
8050,5.35
8051,5.83
8052,4.66
8053,4.39
8054,4.19
8055,4.65
8056,4.41
8057,4.6
8058,4.52
8059,3.51
8060,3.59
8061,4.98
8062,5.68
8063,5.47
8064,4.76
8065,3.98
8066,3.26
8067,2.63
8068,2.61
8069,3.34
8070,3.16
8071,3.11
8072,3.47
8073,3.54
8074,3.23
8075,3.21
8076,3.61
8077,3.34
8078,3.81
8079,3.58
8080,2.97
8081,2.84
8082,2.83
8083,2.6
8084,5.12
8085,5.63
8086,6.73
8087,5.02
8088,4.39
8089,4.7
8090,6.87
8091,4.9
8092,3.99
8093,4.35
8094,4.55
8095,4.95
8096,4.71
8097,4.45
8098,4.34
8099,4.5
8100,4.6
8101,4.4
8102,4.05
8103,4.15
8104,4.09
8105,4.06
8106,3.95
8107,3.92
8108,3.94
8109,3.98
8110,3.95
8111,3.51
8112,3.66
8113,4.55
8114,4.66
8115,4.85
8116,4.59
8117,4.72
8118,5.05
8119,3.56
8120,3.46
8121,3.92
8122,6.34
8123,4.34
8124,4.98
8125,4.34
8126,4.45
8127,5.16
8128,4.52
8129,4.16
8130,3.38
8131,2.63
8132,3.39
8133,2.79
8134,2.36
8135,2.44
8136,2.46
8137,3.02
8138,3.44
8139,4.93
8140,6.09
8141,5.13
8142,4.12
8143,4.16
8144,4.16
8145,4.39
8146,4.45
8147,4.15
8148,4.13
8149,4.52
8150,4.45
8151,4.55
8152,4.52
8153,5.83
8154,4.58
8155,4.75
8156,4.14
8157,4.24
8158,4.42
8159,4.45
8160,4.29
8161,4.37
8162,4.37
8163,4.36
8164,4.56
8165,4.65
8166,4.62
8167,4.53
8168,4.2
8169,4.27
8170,4.35
8171,4.27
8172,4.48
8173,4.17
8174,4.08
8175,4.62
8176,4.5
8177,4.67
8178,4.24
8179,4.41
8180,4.1
8181,4.11
8182,4.16
8183,4.27
8184,4.27
8185,4.32
8186,4.18
8187,4.28
8188,4.4
8189,4.63
8190,4.7
8191,4.79
8192,4.55
8193,4.67
8194,5.07
8195,5.8
8196,4.56
8197,4.49
8198,4.48
8199,4.26
8200,4.63
8201,4.25
8202,4.56
8203,4.48
8204,4.2
8205,4.47
8206,4.21
8207,4.13
8208,4.35
8209,4.57
8210,4.33
8211,4.56
8212,4.54
8213,4.63
8214,4.59
8215,4.7
8216,5.32
8217,4.79
8218,5.49
8219,4.98
8220,4.05
8221,4.64
8222,2.83
8223,3.32
8224,3.03
8225,4.43
8226,3.98
8227,4.29
8228,4.34
8229,4.86
8230,5.01
8231,4.83
8232,3.55
8233,4.55
8234,4.16
8235,4.41
8236,4.59
8237,4.41
8238,4.49
8239,4.22
8240,4.58
8241,4.37
8242,4.35
8243,4.28
8244,4.14
8245,4.3
8246,4.52
8247,4.26
8248,4.01
8249,4.34
8250,4.1
8251,4.11
8252,4.41
8253,4.8
8254,4.4
8255,4.21
8256,4.26
8257,4.51
8258,5.06
8259,4.79
8260,4.27
8261,4.3
8262,4.85
8263,4.89
8264,4.48
8265,4.12
8266,4.3
8267,4.21
8268,4.23
8269,4.34
8270,4.11
8271,4.17
8272,4.34
8273,4.23
8274,4.32
8275,4.18
8276,4.05
8277,4.48
8278,4.13
8279,4.18
8280,4.48
8281,4.34
8282,4.27
8283,4.04
8284,4.2
8285,4.11
8286,4.29
8287,3.84
8288,4.07
8289,4.13
8290,4.21
8291,4.13
8292,4.29
8293,4.03
8294,3.8
8295,3.47
8296,4.11
8297,4.95
8298,3.44
8299,3.11
8300,3.34
8301,3.14
8302,3.22
8303,4.92
8304,5.27
8305,5.19
8306,3.98
8307,3.71
8308,3.86
8309,4.36
8310,4.03
8311,4.1
8312,4.17
8313,4.05
8314,4.23
8315,3.87
8316,4.29
8317,4.16
8318,4.23
8319,3.63
8320,3.84
8321,3.8
8322,3.83
8323,4.11
8324,4.3
8325,4.27
8326,4.02
8327,4.11
8328,4.09
8329,4.13
8330,4.56
8331,4.44
8332,4.52
8333,4.27
8334,4.63
8335,4.33
8336,5.54
8337,4.45
8338,4.19
8339,4.56
8340,4.64
8341,4.46
8342,4.58
8343,4.36
8344,4.33
8345,4.2
8346,4.45
8347,4.49
8348,4.41
8349,4.41
8350,4.34
8351,4.05
8352,4.17
8353,4.38
8354,4.29
8355,4.59
8356,4.19
8357,4.06
8358,4.22
8359,4.5
8360,4.11
8361,4.58
8362,4.38
8363,4.26
8364,4.25
8365,4.46
8366,4.52
8367,4.7
8368,4.38
8369,4.31
8370,4.12
8371,3.77
8372,4.77
8373,4.81
8374,4.82
8375,4.99
8376,5.02
8377,4.8
8378,4.68
8379,4.27
8380,4.49
8381,4.52
8382,4.84
8383,4.56
8384,4.45
8385,4.61
8386,4.53
8387,4.38
8388,4.41
8389,4.46
8390,4.43
8391,4.63
8392,4.89
8393,4.7
8394,4.36
8395,5.47
8396,4.95
8397,4.18
8398,4.33
8399,4.34
8400,4.62
8401,4.66
8402,4.73
8403,4.29
8404,4.5
8405,4.45
8406,4.97
8407,4.73
8408,4.26
8409,4.44
8410,4.35
8411,4.62
8412,5.12
8413,5.3
8414,4.6
8415,4.57
8416,4.46
8417,4.91
8418,4.85
8419,4.78
8420,4.59
8421,4.84
8422,5.28
8423,4.85
8424,4.64
8425,4.84
8426,4.77
8427,4.73
8428,4.72
8429,4.52
8430,4.66
8431,4.91
8432,5.07
8433,4.64
8434,4.58
8435,4.45
8436,4.63
8437,4.64
8438,4.43
8439,4.36
8440,4.14
8441,4.06
8442,4.24
8443,3.99
8444,4.42
8445,4.2
8446,4.37
8447,4.69
8448,4.71
8449,4.82
8450,5.47
8451,4.7
8452,4.45
8453,4.41
8454,4.59
8455,4.77
8456,4.66
8457,4.42
8458,4.62
8459,4.45
8460,5.13
8461,5.05
8462,4.26
8463,3.24
8464,2.86
8465,2.97
8466,3.13
8467,3.4
8468,3.02
8469,2.9
8470,2.72
8471,2.76
8472,2.92
8473,2.98
8474,2.97
8475,2.92
8476,2.91
8477,3.09
8478,2.85
8479,3
8480,3.18
8481,3.18
8482,2.77
8483,2.71
8484,2.98
8485,1.64
8486,1.95
8487,1.92
8488,1.61
8489,1.65
8490,1.61
8491,2.42
8492,2.28
8493,2.83
8494,4.52
8495,4.02
8496,3.24
8497,1.98
8498,1.63
8499,1.76
8500,2.32
8501,2.42
8502,2.32
8503,2.36
8504,2.43
8505,1.89
8506,1.98
8507,1.67
8508,1.78
8509,2.5
8510,2.4
8511,2.35
8512,1.79
8513,2.42
8514,3.05
8515,5.04
8516,5.39
8517,5.14
8518,5.91
8519,5.07
8520,4.21
8521,4.45
8522,3.99
8523,4.09
8524,4.67
8525,4.36
8526,4.08
8527,4.23
8528,5.15
8529,4.61
8530,4.32
8531,4.92
8532,5.22
8533,4.98
8534,5.28
8535,4.77
8536,5.23
8537,5.73
8538,4.77
8539,4.69
8540,4.5
8541,4.59
8542,5.35
8543,4.59
8544,4.45
8545,4.47
8546,4.88
8547,4.51
8548,4.44
8549,4.7
8550,4.55
8551,4.88
8552,4.77
8553,4.63
8554,4.59
8555,4.54
8556,4.52
8557,4.3
8558,4.41
8559,4.04
8560,4.1
8561,4.23
8562,4.19
8563,4.28
8564,4.27
8565,4.34
8566,4.41
8567,4.3
8568,4.63
8569,4.55
8570,3.8
8571,3.91
8572,3.75
8573,4.2
8574,4.72
8575,5.55
8576,4.84
8577,3.22
8578,3.17
8579,2.88
8580,3.59
8581,3.47
8582,3.2
8583,3.58
8584,2.45
8585,1.62
8586,1.67
8587,1.63
8588,2.3
8589,1.79
8590,1.66
8591,1.63
8592,1.68
8593,2.42
8594,1.81
8595,1.92
8596,1.65
8597,1.92
8598,2.05
8599,1.84
8600,1.84
8601,1.83
8602,1.86
8603,2.12
8604,2.02
8605,2.03
8606,2
8607,2.09
8608,2.05
8609,2.06
8610,1.95
8611,1.99
8612,1.97
8613,2.05
8614,2.14
8615,2.29
8616,2.32
8617,2.47
8618,2.23
8619,2.15
8620,2.2
8621,2.24
8622,2.19
8623,2.27
8624,2.31
8625,2.38
8626,3.63
8627,2.41
8628,2.48
8629,2.51
8630,2.41
8631,2.43
8632,2.48
8633,2.34
8634,2.84
8635,2.38
8636,2.25
8637,2.25
8638,2.17
8639,2.65
8640,2.31
8641,2.4
8642,2.28
8643,2.36
8644,2.33
8645,2.76
8646,5.04
8647,5.7
8648,6.03
8649,5.2
8650,4.27
8651,6.9
8652,6.05
8653,5.8
8654,5.44
8655,6.44
8656,4.13
8657,4.04
8658,4.66
8659,4.34
8660,4.96
8661,4.75
8662,4.62
8663,4.53
8664,4.7
8665,4.71
8666,4.84
8667,4.84
8668,4.8
8669,4.65
8670,4.89
8671,4.73
8672,4.67
8673,4.64
8674,4.42
8675,4.45
8676,4.73
8677,4.87
8678,5.02
8679,4.63
8680,4.23
8681,4.32
8682,4.37
8683,4.28
8684,4.54
8685,4.54
8686,4.7
8687,4.45
8688,4.73
8689,4.4
8690,4.31
8691,4.64
8692,5.62
8693,4.53
8694,4.29
8695,4.42
8696,4.46
8697,4.51
8698,4.74
8699,4.84
8700,4.48
8701,4.43
8702,4.37
8703,4.68
8704,4.7
8705,4.76
8706,4.67
8707,4.53
8708,4.52
8709,4.51
8710,4.63
8711,4.23
8712,4.32
8713,4.37
8714,4.28
8715,4.54
8716,4.54
8717,4.7
8718,4.45
8719,4.73
8720,4.4
8721,4.31
8722,4.64
8723,5.62
8724,4.53
8725,4.29
8726,4.42
8727,4.46
8728,4.51
8729,4.74
8730,4.84
8731,4.48
8732,4.43
8733,4.37
8734,4.68
8735,4.7
8736,4.76
8737,4.67
8738,4.53
8739,4.52
8740,4.51
8741,4.37
8742,4.68
8743,4.7
8744,4.76
8745,4.67
8746,4.53
8747,4.52
8748,4.51
8749,4.63
8750,4.23
8751,4.32
8752,4.37
8753,4.28
8754,4.54
8755,4.54
8756,4.7
8757,4.45
8758,4.73
8759,4.4
8760,4.4
